match_id,season,date,home_team,away_team,diff_total,diff_attack,diff_defense,home_team_total,away_team_total,both_coverage_ok,side_x,home_opponent,home_team_attack,home_team_defense,home_coverage_rate,home_coverage_ok,side_y,away_opponent,away_team_attack,away_team_defense,away_coverage_rate,away_coverage_ok
2022_2022-04-07_York_United_vs_HFX_Wanderers,2022,2022-04-07T23:30:00Z,York,Wanderers,0.0,0.0,0.0,55.0,55.0,True,home,Wanderers,55.0,55.0,1.0,True,away,York,55.0,55.0,1.0,True
2022_2022-04-09_Atlético_Ottawa_vs_Cavalry,2022,2022-04-09T19:00:00Z,Atlético,Cavalry,0.0,0.0,0.0,55.0,55.0,True,home,Cavalry,55.0,55.0,1.0,True,away,Atlético,55.0,55.0,1.0,True
2022_2022-04-10_Edmonton_vs_Valour,2022,2022-04-10T20:00:00Z,Edmonton,Valour,84000.0,84000.0,84000.0,100500.0,16500.0,True,home,Valour,100500.0,100500.0,1.0,True,away,Edmonton,16500.0,16500.0,1.0,True
2022_2022-04-10_Pacific_vs_Forge,2022,2022-04-10T23:00:00Z,Pacific,Forge,0.0,0.0,0.0,16500.0,16500.0,True,home,Forge,16500.0,16500.0,1.0,True,away,Pacific,16500.0,16500.0,1.0,True
2022_2022-04-16_Edmonton_vs_York_United,2022,2022-04-16T01:00:00Z,Edmonton,York,0.0,0.0,0.0,55.0,55.0,True,home,York,55.0,55.0,1.0,True,away,Edmonton,55.0,55.0,1.0,True
2022_2022-04-16_Atlético_Ottawa_vs_HFX_Wanderers,2022,2022-04-16T17:00:00Z,Atlético,Wanderers,0.0,0.0,0.0,55.0,55.0,True,home,Wanderers,55.0,55.0,1.0,True,away,Atlético,55.0,55.0,1.0,True
2022_2022-04-16_Forge_vs_Cavalry,2022,2022-04-16T20:00:00Z,Forge,Cavalry,-94.27809999999954,-94.27809999999954,-94.27809999999954,16405.7219,16500.0,True,home,Cavalry,16405.7219,16405.7219,1.0,True,away,Forge,16500.0,16500.0,1.0,True
2022_2022-04-17_Pacific_vs_Valour,2022,2022-04-17T20:00:00Z,Pacific,Valour,78.55619999999908,78.55619999999908,78.55619999999908,16594.2781,16515.7219,True,home,Valour,16594.2781,16594.2781,1.0,True,away,Pacific,16515.7219,16515.7219,1.0,True
2022_2022-04-22_York_United_vs_Cavalry,2022,2022-04-22T23:30:00Z,York,Cavalry,0.0,0.0,0.0,55.0,55.0,True,home,Cavalry,55.0,55.0,1.0,True,away,York,55.0,55.0,1.0,True
2022_2022-04-23_Forge_vs_Edmonton,2022,2022-04-23T20:00:00Z,Forge,Edmonton,-83371.2629,-83371.2629,-83371.2629,16392.667,99763.9299,True,home,Edmonton,16392.667,16392.667,1.0,True,away,Forge,99763.9299,99763.9299,1.0,True
2022_2022-04-23_Pacific_vs_HFX_Wanderers,2022,2022-04-23T23:00:00Z,Pacific,Wanderers,0.0,0.0,0.0,55.0,55.0,True,home,Wanderers,55.0,55.0,1.0,True,away,Pacific,55.0,55.0,1.0,True
2022_2022-04-24_Atlético_Ottawa_vs_Valour,2022,2022-04-24T19:00:00Z,Atlético,Valour,0.0,0.0,0.0,55.0,55.0,True,home,Valour,55.0,55.0,1.0,True,away,Atlético,55.0,55.0,1.0,True
2022_2022-04-28_Edmonton_vs_Pacific,2022,2022-04-28T01:00:00Z,Edmonton,Pacific,78648.3695,78648.3695,78648.3695,95334.7177,16686.3482,True,home,Pacific,95334.7177,95334.7177,1.0,True,away,Edmonton,16686.3482,16686.3482,1.0,True
2022_2022-04-29_York_United_vs_Atlético_Ottawa,2022,2022-04-29T23:30:00Z,York,Atlético,0.0,0.0,0.0,55.0,55.0,True,home,Atlético,55.0,55.0,1.0,True,away,York,55.0,55.0,1.0,True
2022_2022-04-30_HFX_Wanderers_vs_Edmonton,2022,2022-04-30T18:00:00Z,Wanderers,Edmonton,0.0,0.0,0.0,55.0,55.0,True,home,Edmonton,55.0,55.0,1.0,True,away,Wanderers,55.0,55.0,1.0,True
2022_2022-05-01_Cavalry_vs_Pacific,2022,2022-05-01T21:30:00Z,Cavalry,Pacific,-164.4379000000008,-164.4379000000008,-164.4379000000008,16513.0549,16677.4928,True,home,Pacific,16513.0549,16513.0549,1.0,True,away,Cavalry,16677.4928,16677.4928,1.0,True
2022_2022-05-06_York_United_vs_Forge,2022,2022-05-06T23:00:00Z,York,Forge,0.0,0.0,0.0,55.0,55.0,True,home,Forge,55.0,55.0,1.0,True,away,York,55.0,55.0,1.0,True
2022_2022-05-07_Edmonton_vs_Cavalry,2022,2022-05-07T02:00:00Z,Edmonton,Cavalry,79137.3178,79137.3178,79137.3178,95749.3128,16611.995,True,home,Cavalry,95749.3128,95749.3128,1.0,True,away,Edmonton,16611.995,16611.995,1.0,True
2022_2022-05-07_Valour_vs_HFX_Wanderers,2022,2022-05-07T19:00:00Z,Valour,Wanderers,0.0,0.0,0.0,55.0,55.0,True,home,Wanderers,55.0,55.0,1.0,True,away,Valour,55.0,55.0,1.0,True
2022_2022-05-07_Atlético_Ottawa_vs_Pacific,2022,2022-05-07T22:00:00Z,Atlético,Pacific,0.0,0.0,0.0,55.0,55.0,True,home,Pacific,55.0,55.0,1.0,True,away,Atlético,55.0,55.0,1.0,True
2022_2022-05-14_Forge_vs_Atlético_Ottawa,2022,2022-05-14T20:00:00Z,Forge,Atlético,0.0,0.0,0.0,55.0,55.0,True,home,Atlético,55.0,55.0,1.0,True,away,Forge,55.0,55.0,1.0,True
2022_2022-05-14_Pacific_vs_Edmonton,2022,2022-05-14T23:00:00Z,Pacific,Edmonton,-74263.19870000001,-74263.19870000001,-74263.19870000001,16578.5526,90841.7513,True,home,Edmonton,16578.5526,16578.5526,1.0,True,away,Pacific,90841.7513,90841.7513,1.0,True
2022_2022-05-15_HFX_Wanderers_vs_Cavalry,2022,2022-05-15T18:00:00Z,Wanderers,Cavalry,0.0,0.0,0.0,55.0,55.0,True,home,Cavalry,55.0,55.0,1.0,True,away,Wanderers,55.0,55.0,1.0,True
2022_2022-05-15_Valour_vs_York_United,2022,2022-05-15T21:00:00Z,Valour,York,0.0,0.0,0.0,55.0,55.0,True,home,York,55.0,55.0,1.0,True,away,Valour,55.0,55.0,1.0,True
2022_2022-05-20_HFX_Wanderers_vs_Forge,2022,2022-05-20T22:00:00Z,Wanderers,Forge,0.0,0.0,0.0,55.0,55.0,True,home,Forge,55.0,55.0,1.0,True,away,Wanderers,55.0,55.0,1.0,True
2022_2022-05-21_Pacific_vs_York_United,2022,2022-05-21T02:00:00Z,Pacific,York,0.0,0.0,0.0,55.0,55.0,True,home,York,55.0,55.0,1.0,True,away,Pacific,55.0,55.0,1.0,True
2022_2022-05-21_Cavalry_vs_Valour,2022,2022-05-21T19:30:00Z,Cavalry,Valour,293.16489999999976,293.16489999999976,293.16489999999976,16716.8167,16423.6518,True,home,Valour,16716.8167,16716.8167,1.0,True,away,Cavalry,16423.6518,16423.6518,1.0,True
2022_2022-05-22_Edmonton_vs_Atlético_Ottawa,2022,2022-05-22T20:00:00Z,Edmonton,Atlético,0.0,0.0,0.0,55.0,55.0,True,home,Atlético,55.0,55.0,1.0,True,away,Edmonton,55.0,55.0,1.0,True
2022_2022-05-28_Pacific_vs_Valour,2022,2022-05-28T23:00:00Z,Pacific,Valour,300.77250000000095,300.77250000000095,300.77250000000095,16638.3063,16337.5338,True,home,Valour,16638.3063,16638.3063,1.0,True,away,Pacific,16337.5338,16337.5338,1.0,True
2022_2022-05-29_York_United_vs_Cavalry,2022,2022-05-29T18:00:00Z,York,Cavalry,0.0,0.0,0.0,55.0,55.0,True,home,Cavalry,55.0,55.0,1.0,True,away,York,55.0,55.0,1.0,True
2022_2022-06-01_Edmonton_vs_Forge,2022,2022-06-01T01:00:00Z,Edmonton,Forge,71556.92079999999,71556.92079999999,71556.92079999999,88044.1923,16487.2715,True,home,Forge,88044.1923,88044.1923,1.0,True,away,Edmonton,16487.2715,16487.2715,1.0,True
2022_2022-06-02_Valour_vs_Atlético_Ottawa,2022,2022-06-02T00:00:00Z,Valour,Atlético,0.0,0.0,0.0,55.0,55.0,True,home,Atlético,55.0,55.0,1.0,True,away,Valour,55.0,55.0,1.0,True
2022_2022-06-04_HFX_Wanderers_vs_York_United,2022,2022-06-04T18:00:00Z,Wanderers,York,0.0,0.0,0.0,55.0,55.0,True,home,York,55.0,55.0,1.0,True,away,Wanderers,55.0,55.0,1.0,True
2022_2022-06-05_Atlético_Ottawa_vs_Pacific,2022,2022-06-05T17:00:00Z,Atlético,Pacific,0.0,0.0,0.0,55.0,55.0,True,home,Pacific,55.0,55.0,1.0,True,away,Atlético,55.0,55.0,1.0,True
2022_2022-06-05_Valour_vs_Edmonton,2022,2022-06-05T20:00:00Z,Valour,Edmonton,-67922.5932,-67922.5932,-67922.5932,16361.6244,84284.2176,True,home,Edmonton,16361.6244,16361.6244,1.0,True,away,Valour,84284.2176,84284.2176,1.0,True
2022_2022-06-11_Cavalry_vs_HFX_Wanderers,2022,2022-06-11T19:30:00Z,Cavalry,Wanderers,0.0,0.0,0.0,55.0,55.0,True,home,Wanderers,55.0,55.0,1.0,True,away,Cavalry,55.0,55.0,1.0,True
2022_2022-06-12_Forge_vs_Pacific,2022,2022-06-12T20:00:00Z,Forge,Pacific,-46.63409999999931,-46.63409999999931,-46.63409999999931,16567.5816,16614.2157,True,home,Pacific,16567.5816,16567.5816,1.0,True,away,Forge,16614.2157,16614.2157,1.0,True
2022_2022-06-14_Atlético_Ottawa_vs_York_United,2022,2022-06-14T23:00:00Z,Atlético,York,0.0,0.0,0.0,55.0,55.0,True,home,York,55.0,55.0,1.0,True,away,Atlético,55.0,55.0,1.0,True
2022_2022-06-15_Edmonton_vs_HFX_Wanderers,2022,2022-06-15T02:00:00Z,Edmonton,Wanderers,0.0,0.0,0.0,55.0,55.0,True,home,Wanderers,55.0,55.0,1.0,True,away,Edmonton,55.0,55.0,1.0,True
2022_2022-06-16_Valour_vs_Cavalry,2022,2022-06-16T00:00:00Z,Valour,Cavalry,-504.9086000000025,-504.9086000000025,-504.9086000000025,16298.0261,16802.9347,True,home,Cavalry,16298.0261,16298.0261,1.0,True,away,Valour,16802.9347,16802.9347,1.0,True
2022_2022-06-18_York_United_vs_Pacific,2022,2022-06-18T20:00:00Z,York,Pacific,0.0,0.0,0.0,55.0,55.0,True,home,Pacific,55.0,55.0,1.0,True,away,York,55.0,55.0,1.0,True
2022_2022-06-19_HFX_Wanderers_vs_Forge,2022,2022-06-19T18:00:00Z,Wanderers,Forge,0.0,0.0,0.0,55.0,55.0,True,home,Forge,55.0,55.0,1.0,True,away,Wanderers,55.0,55.0,1.0,True
2022_2022-06-19_Edmonton_vs_Atlético_Ottawa,2022,2022-06-19T21:00:00Z,Edmonton,Atlético,0.0,0.0,0.0,55.0,55.0,True,home,Atlético,55.0,55.0,1.0,True,away,Edmonton,55.0,55.0,1.0,True
2022_2022-06-25_Pacific_vs_HFX_Wanderers,2022,2022-06-25T21:00:00Z,Pacific,Wanderers,0.0,0.0,0.0,55.0,55.0,True,home,Wanderers,55.0,55.0,1.0,True,away,Pacific,55.0,55.0,1.0,True
2022_2022-06-26_York_United_vs_Valour,2022,2022-06-26T16:00:00Z,York,Valour,0.0,0.0,0.0,55.0,55.0,True,home,Valour,55.0,55.0,1.0,True,away,York,55.0,55.0,1.0,True
2022_2022-06-26_Cavalry_vs_Edmonton,2022,2022-06-26T23:00:00Z,Cavalry,Edmonton,-70347.5414,-70347.5414,-70347.5414,16914.2325,87261.7739,True,home,Edmonton,16914.2325,16914.2325,1.0,True,away,Cavalry,87261.7739,87261.7739,1.0,True
2022_2022-06-29_Forge_vs_Valour,2022,2022-06-29T23:00:00Z,Forge,Valour,476.4485000000004,476.4485000000004,476.4485000000004,16663.1768,16186.7283,True,home,Valour,16663.1768,16663.1768,1.0,True,away,Forge,16186.7283,16186.7283,1.0,True
2022_2022-06-30_HFX_Wanderers_vs_Atlético_Ottawa,2022,2022-06-30T22:30:00Z,Wanderers,Atlético,0.0,0.0,0.0,55.0,55.0,True,home,Atlético,55.0,55.0,1.0,True,away,Wanderers,55.0,55.0,1.0,True
2022_2022-07-01_Pacific_vs_Cavalry,2022,2022-07-01T01:30:00Z,Pacific,Cavalry,-438.9266000000025,-438.9266000000025,-438.9266000000025,16518.6206,16957.5472,True,home,Cavalry,16518.6206,16518.6206,1.0,True,away,Pacific,16957.5472,16957.5472,1.0,True
2022_2022-07-01_Edmonton_vs_York_United,2022,2022-07-01T22:00:00Z,Edmonton,York,0.0,0.0,0.0,55.0,55.0,True,home,York,55.0,55.0,1.0,True,away,Edmonton,55.0,55.0,1.0,True
2022_2022-07-03_Forge_vs_Atlético_Ottawa,2022,2022-07-03T20:00:00Z,Forge,Atlético,0.0,0.0,0.0,55.0,55.0,True,home,Atlético,55.0,55.0,1.0,True,away,Forge,55.0,55.0,1.0,True
2022_2022-07-08_York_United_vs_Forge,2022,2022-07-08T23:30:00Z,York,Forge,0.0,0.0,0.0,55.0,55.0,True,home,Forge,55.0,55.0,1.0,True,away,York,55.0,55.0,1.0,True
2022_2022-07-09_Edmonton_vs_Pacific,2022,2022-07-09T20:00:00Z,Edmonton,Pacific,68718.4345,68718.4345,68718.4345,85233.859,16515.4245,True,home,Pacific,85233.859,85233.859,1.0,True,away,Edmonton,16515.4245,16515.4245,1.0,True
2022_2022-07-09_Atlético_Ottawa_vs_Cavalry,2022,2022-07-09T23:00:00Z,Atlético,Cavalry,0.0,0.0,0.0,55.0,55.0,True,home,Cavalry,55.0,55.0,1.0,True,away,Atlético,55.0,55.0,1.0,True
2022_2022-07-10_Valour_vs_HFX_Wanderers,2022,2022-07-10T19:00:00Z,Valour,Wanderers,0.0,0.0,0.0,55.0,55.0,True,home,Wanderers,55.0,55.0,1.0,True,away,Valour,55.0,55.0,1.0,True
2022_2022-07-15_Cavalry_vs_HFX_Wanderers,2022,2022-07-15T00:30:00Z,Cavalry,Wanderers,0.0,0.0,0.0,55.0,55.0,True,home,Wanderers,55.0,55.0,1.0,True,away,Cavalry,55.0,55.0,1.0,True
2022_2022-07-15_York_United_vs_Pacific,2022,2022-07-15T23:30:00Z,York,Pacific,0.0,0.0,0.0,55.0,55.0,True,home,Pacific,55.0,55.0,1.0,True,away,York,55.0,55.0,1.0,True
2022_2022-07-19_Forge_vs_Edmonton,2022,2022-07-19T22:45:00Z,Forge,Edmonton,-65426.5709,-65426.5709,-65426.5709,16524.3237,81950.8946,True,home,Edmonton,16524.3237,16524.3237,1.0,True,away,Forge,81950.8946,81950.8946,1.0,True
2022_2022-07-20_Cavalry_vs_York_United,2022,2022-07-20T01:30:00Z,Cavalry,York,0.0,0.0,0.0,55.0,55.0,True,home,York,55.0,55.0,1.0,True,away,Cavalry,55.0,55.0,1.0,True
2022_2022-07-20_Atlético_Ottawa_vs_Valour,2022,2022-07-20T23:00:00Z,Atlético,Valour,0.0,0.0,0.0,55.0,55.0,True,home,Valour,55.0,55.0,1.0,True,away,Atlético,55.0,55.0,1.0,True
2022_2022-07-23_Pacific_vs_Cavalry,2022,2022-07-23T02:00:00Z,Pacific,Cavalry,-375.1971000000012,-375.1971000000012,-375.1971000000012,16585.5461,16960.7432,True,home,Cavalry,16585.5461,16585.5461,1.0,True,away,Pacific,16960.7432,16960.7432,1.0,True
2022_2022-07-23_HFX_Wanderers_vs_Edmonton,2022,2022-07-23T17:30:00Z,Wanderers,Edmonton,0.0,0.0,0.0,55.0,55.0,True,home,Edmonton,55.0,55.0,1.0,True,away,Wanderers,55.0,55.0,1.0,True
2022_2022-07-23_Forge_vs_Valour,2022,2022-07-23T20:30:00Z,Forge,Valour,236.83710000000065,236.83710000000065,236.83710000000065,16562.4185,16325.5814,True,home,Valour,16562.4185,16562.4185,1.0,True,away,Forge,16325.5814,16325.5814,1.0,True
2022_2022-07-24_York_United_vs_Atlético_Ottawa,2022,2022-07-24T18:00:00Z,York,Atlético,0.0,0.0,0.0,55.0,55.0,True,home,Atlético,55.0,55.0,1.0,True,away,York,55.0,55.0,1.0,True
2022_2022-07-28_Cavalry_vs_Forge,2022,2022-07-28T01:00:00Z,Cavalry,Forge,205.6847999999991,205.6847999999991,205.6847999999991,16855.771,16650.0862,True,home,Forge,16855.771,16855.771,1.0,True,away,Cavalry,16650.0862,16650.0862,1.0,True
2022_2022-07-30_Valour_vs_Pacific,2022,2022-07-30T19:00:00Z,Valour,Pacific,-452.6046000000006,-452.6046000000006,-452.6046000000006,16237.9138,16690.5184,True,home,Pacific,16237.9138,16237.9138,1.0,True,away,Valour,16690.5184,16690.5184,1.0,True
2022_2022-07-30_Cavalry_vs_Edmonton,2022,2022-07-30T22:00:00Z,Cavalry,Edmonton,-63443.0647,-63443.0647,-63443.0647,16724.2997,80167.3644,True,home,Edmonton,16724.2997,16724.2997,1.0,True,away,Cavalry,80167.3644,80167.3644,1.0,True
2022_2022-07-31_Atlético_Ottawa_vs_Forge,2022,2022-07-31T23:00:00Z,Atlético,Forge,0.0,0.0,0.0,55.0,55.0,True,home,Forge,55.0,55.0,1.0,True,away,Atlético,55.0,55.0,1.0,True
2022_2022-08-01_HFX_Wanderers_vs_York_United,2022,2022-08-01T18:00:00Z,Wanderers,York,0.0,0.0,0.0,55.0,55.0,True,home,York,55.0,55.0,1.0,True,away,Wanderers,55.0,55.0,1.0,True
2022_2022-08-04_Valour_vs_Cavalry,2022,2022-08-04T00:00:00Z,Valour,Cavalry,-630.6785,-630.6785,-630.6785,16125.1111,16755.7896,True,home,Cavalry,16125.1111,16125.1111,1.0,True,away,Valour,16755.7896,16755.7896,1.0,True
2022_2022-08-06_Forge_vs_HFX_Wanderers,2022,2022-08-06T20:00:00Z,Forge,Wanderers,0.0,0.0,0.0,55.0,55.0,True,home,Wanderers,55.0,55.0,1.0,True,away,Forge,55.0,55.0,1.0,True
2022_2022-08-07_Atlético_Ottawa_vs_Edmonton,2022,2022-08-07T18:37:00Z,Atlético,Edmonton,0.0,0.0,0.0,55.0,55.0,True,home,Edmonton,55.0,55.0,1.0,True,away,Atlético,55.0,55.0,1.0,True
2022_2022-08-07_Valour_vs_York_United,2022,2022-08-07T21:00:00Z,Valour,York,0.0,0.0,0.0,55.0,55.0,True,home,York,55.0,55.0,1.0,True,away,Valour,55.0,55.0,1.0,True
2022_2022-08-13_Cavalry_vs_Forge,2022,2022-08-13T01:00:00Z,Cavalry,Forge,-138.08950000000186,-138.08950000000186,-138.08950000000186,16643.4679,16781.5574,True,home,Forge,16643.4679,16643.4679,1.0,True,away,Cavalry,16781.5574,16781.5574,1.0,True
2022_2022-08-13_HFX_Wanderers_vs_Valour,2022,2022-08-13T18:00:00Z,Wanderers,Valour,0.0,0.0,0.0,55.0,55.0,True,home,Valour,55.0,55.0,1.0,True,away,Wanderers,55.0,55.0,1.0,True
2022_2022-08-13_Pacific_vs_Atlético_Ottawa,2022,2022-08-13T21:00:00Z,Pacific,Atlético,0.0,0.0,0.0,55.0,55.0,True,home,Atlético,55.0,55.0,1.0,True,away,Pacific,55.0,55.0,1.0,True
2022_2022-08-14_York_United_vs_Edmonton,2022,2022-08-14T20:00:00Z,York,Edmonton,0.0,0.0,0.0,55.0,55.0,True,home,Edmonton,55.0,55.0,1.0,True,away,York,55.0,55.0,1.0,True
2022_2022-08-17_Atlético_Ottawa_vs_HFX_Wanderers,2022,2022-08-17T23:00:00Z,Atlético,Wanderers,0.0,0.0,0.0,55.0,55.0,True,home,Wanderers,55.0,55.0,1.0,True,away,Atlético,55.0,55.0,1.0,True
2022_2022-08-20_HFX_Wanderers_vs_Pacific,2022,2022-08-20T17:30:00Z,Wanderers,Pacific,0.0,0.0,0.0,55.0,55.0,True,home,Pacific,55.0,55.0,1.0,True,away,Wanderers,55.0,55.0,1.0,True
2022_2022-08-20_Forge_vs_York_United,2022,2022-08-20T23:00:00Z,Forge,York,0.0,0.0,0.0,55.0,55.0,True,home,York,55.0,55.0,1.0,True,away,Forge,55.0,55.0,1.0,True
2022_2022-08-21_Valour_vs_Edmonton,2022,2022-08-21T18:30:00Z,Valour,Edmonton,-62455.630099999995,-62455.630099999995,-62455.630099999995,16237.4329,78693.063,True,home,Edmonton,16237.4329,16237.4329,1.0,True,away,Valour,78693.063,78693.063,1.0,True
2022_2022-08-21_Cavalry_vs_Atlético_Ottawa,2022,2022-08-21T21:30:00Z,Cavalry,Atlético,0.0,0.0,0.0,55.0,55.0,True,home,Atlético,55.0,55.0,1.0,True,away,Cavalry,55.0,55.0,1.0,True
2022_2022-08-27_Cavalry_vs_York_United,2022,2022-08-27T19:30:00Z,Cavalry,York,0.0,0.0,0.0,55.0,55.0,True,home,York,55.0,55.0,1.0,True,away,Cavalry,55.0,55.0,1.0,True
2022_2022-08-27_Atlético_Ottawa_vs_Forge,2022,2022-08-27T22:30:00Z,Atlético,Forge,0.0,0.0,0.0,55.0,55.0,True,home,Forge,55.0,55.0,1.0,True,away,Atlético,55.0,55.0,1.0,True
2022_2022-08-28_Valour_vs_Pacific,2022,2022-08-28T19:00:00Z,Valour,Pacific,-639.9979999999996,-639.9979999999996,-639.9979999999996,16163.323,16803.321,True,home,Pacific,16163.323,16163.323,1.0,True,away,Valour,16803.321,16803.321,1.0,True
2022_2022-08-28_Edmonton_vs_HFX_Wanderers,2022,2022-08-28T22:00:00Z,Edmonton,Wanderers,0.0,0.0,0.0,55.0,55.0,True,home,Wanderers,55.0,55.0,1.0,True,away,Edmonton,55.0,55.0,1.0,True
2022_2022-09-01_Valour_vs_Forge,2022,2022-09-01T00:00:00Z,Valour,Forge,-407.45460000000094,-407.45460000000094,-407.45460000000094,16275.9129,16683.3675,True,home,Forge,16275.9129,16275.9129,1.0,True,away,Valour,16683.3675,16683.3675,1.0,True
2022_2022-09-02_Atlético_Ottawa_vs_Edmonton,2022,2022-09-02T23:00:00Z,Atlético,Edmonton,0.0,0.0,0.0,55.0,55.0,True,home,Edmonton,55.0,55.0,1.0,True,away,Atlético,55.0,55.0,1.0,True
2022_2022-09-03_Pacific_vs_York_United,2022,2022-09-03T21:00:00Z,Pacific,York,0.0,0.0,0.0,55.0,55.0,True,home,York,55.0,55.0,1.0,True,away,Pacific,55.0,55.0,1.0,True
2022_2022-09-04_Valour_vs_Forge,2022,2022-09-04T18:00:00Z,Valour,Forge,-195.65640000000167,-195.65640000000167,-195.65640000000167,16381.812,16577.4684,True,home,Forge,16381.812,16381.812,1.0,True,away,Valour,16577.4684,16577.4684,1.0,True
2022_2022-09-05_HFX_Wanderers_vs_Cavalry,2022,2022-09-05T18:00:00Z,Wanderers,Cavalry,0.0,0.0,0.0,55.0,55.0,True,home,Cavalry,55.0,55.0,1.0,True,away,Wanderers,55.0,55.0,1.0,True
2022_2022-09-09_York_United_vs_Edmonton,2022,2022-09-09T23:30:00Z,York,Edmonton,0.0,0.0,0.0,55.0,55.0,True,home,Edmonton,55.0,55.0,1.0,True,away,York,55.0,55.0,1.0,True
2022_2022-09-10_HFX_Wanderers_vs_Valour,2022,2022-09-10T18:00:00Z,Wanderers,Valour,0.0,0.0,0.0,55.0,55.0,True,home,Valour,55.0,55.0,1.0,True,away,Wanderers,55.0,55.0,1.0,True
2022_2022-09-10_Forge_vs_Cavalry,2022,2022-09-10T21:00:00Z,Forge,Cavalry,-264.01970000000074,-264.01970000000074,-264.01970000000074,16477.6381,16741.6578,True,home,Cavalry,16477.6381,16477.6381,1.0,True,away,Forge,16741.6578,16741.6578,1.0,True
2022_2022-09-11_Pacific_vs_Atlético_Ottawa,2022,2022-09-11T20:00:00Z,Pacific,Atlético,0.0,0.0,0.0,55.0,55.0,True,home,Atlético,55.0,55.0,1.0,True,away,Pacific,55.0,55.0,1.0,True
2022_2022-09-16_York_United_vs_HFX_Wanderers,2022,2022-09-16T23:30:00Z,York,Wanderers,0.0,0.0,0.0,55.0,55.0,True,home,Wanderers,55.0,55.0,1.0,True,away,York,55.0,55.0,1.0,True
2022_2022-09-17_Edmonton_vs_Cavalry,2022,2022-09-17T20:00:00Z,Edmonton,Cavalry,65522.8808,65522.8808,65522.8808,82162.7545,16639.8737,True,home,Cavalry,82162.7545,82162.7545,1.0,True,away,Edmonton,16639.8737,16639.8737,1.0,True
2022_2022-09-18_Valour_vs_Atlético_Ottawa,2022,2022-09-18T20:00:00Z,Valour,Atlético,0.0,0.0,0.0,55.0,55.0,True,home,Atlético,55.0,55.0,1.0,True,away,Valour,55.0,55.0,1.0,True
2022_2022-09-19_Pacific_vs_Forge,2022,2022-09-19T00:00:00Z,Pacific,Forge,111.30899999999747,111.30899999999747,111.30899999999747,16690.7312,16579.4222,True,home,Forge,16690.7312,16690.7312,1.0,True,away,Pacific,16579.4222,16579.4222,1.0,True
2022_2022-09-23_York_United_vs_Valour,2022,2022-09-23T23:30:00Z,York,Valour,0.0,0.0,0.0,55.0,55.0,True,home,Valour,55.0,55.0,1.0,True,away,York,55.0,55.0,1.0,True
2022_2022-09-24_Cavalry_vs_Atlético_Ottawa,2022,2022-09-24T21:30:00Z,Cavalry,Atlético,0.0,0.0,0.0,55.0,55.0,True,home,Atlético,55.0,55.0,1.0,True,away,Cavalry,55.0,55.0,1.0,True
2022_2022-09-25_Edmonton_vs_Forge,2022,2022-09-25T21:00:00Z,Edmonton,Forge,62862.31340000001,62862.31340000001,62862.31340000001,79460.5819,16598.2685,True,home,Forge,79460.5819,79460.5819,1.0,True,away,Edmonton,16598.2685,16598.2685,1.0,True
2022_2022-09-27_HFX_Wanderers_vs_Pacific,2022,2022-09-27T22:00:00Z,Wanderers,Pacific,0.0,0.0,0.0,55.0,55.0,True,home,Pacific,55.0,55.0,1.0,True,away,Wanderers,55.0,55.0,1.0,True
2022_2022-10-01_Pacific_vs_Edmonton,2022,2022-10-01T02:00:00Z,Pacific,Edmonton,-65547.1693,-65547.1693,-65547.1693,16671.8849,82219.0542,True,home,Edmonton,16671.8849,16671.8849,1.0,True,away,Pacific,82219.0542,82219.0542,1.0,True
2022_2022-10-01_HFX_Wanderers_vs_Atlético_Ottawa,2022,2022-10-01T18:00:00Z,Wanderers,Atlético,0.0,0.0,0.0,55.0,55.0,True,home,Atlético,55.0,55.0,1.0,True,away,Wanderers,55.0,55.0,1.0,True
2022_2022-10-01_Forge_vs_York_United,2022,2022-10-01T21:00:00Z,Forge,York,0.0,0.0,0.0,55.0,55.0,True,home,York,55.0,55.0,1.0,True,away,Forge,55.0,55.0,1.0,True
2022_2022-10-02_Cavalry_vs_Valour,2022,2022-10-02T19:30:00Z,Cavalry,Valour,215.94770000000062,215.94770000000062,215.94770000000062,16697.59,16481.6423,True,home,Valour,16697.59,16697.59,1.0,True,away,Cavalry,16481.6423,16481.6423,1.0,True
2022_2022-10-05_Forge_vs_Pacific,2022,2022-10-05T23:00:00Z,Forge,Pacific,-168.8084000000017,-168.8084000000017,-168.8084000000017,16539.3497,16708.1581,True,home,Pacific,16539.3497,16539.3497,1.0,True,away,Forge,16708.1581,16708.1581,1.0,True
2022_2022-10-08_Edmonton_vs_Valour,2022,2022-10-08T19:00:00Z,Edmonton,Valour,64127.4125,64127.4125,64127.4125,80520.81,16393.3975,True,home,Valour,80520.81,80520.81,1.0,True,away,Edmonton,16393.3975,16393.3975,1.0,True
2022_2022-10-08_Cavalry_vs_Pacific,2022,2022-10-08T22:00:00Z,Cavalry,Pacific,-43.258700000002136,-43.258700000002136,-43.258700000002136,16785.8347,16829.0934,True,home,Pacific,16785.8347,16785.8347,1.0,True,away,Cavalry,16829.0934,16829.0934,1.0,True
2022_2022-10-09_Forge_vs_HFX_Wanderers,2022,2022-10-09T17:00:00Z,Forge,Wanderers,0.0,0.0,0.0,55.0,55.0,True,home,Wanderers,55.0,55.0,1.0,True,away,Forge,55.0,55.0,1.0,True
2022_2022-10-09_Atlético_Ottawa_vs_York_United,2022,2022-10-09T22:00:00Z,Atlético,York,0.0,0.0,0.0,55.0,55.0,True,home,York,55.0,55.0,1.0,True,away,Atlético,55.0,55.0,1.0,True
2022_2022-10-15_Cavalry_vs_Forge,2022,2022-10-15T20:00:00Z,Cavalry,Forge,462.92009999999937,462.92009999999937,462.92009999999937,16881.3344,16418.4143,True,home,Forge,16881.3344,16881.3344,1.0,True,away,Cavalry,16418.4143,16418.4143,1.0,True
2022_2022-10-15_Pacific_vs_Atlético_Ottawa,2022,2022-10-15T23:00:00Z,Pacific,Atlético,0.0,0.0,0.0,55.0,55.0,True,home,Atlético,55.0,55.0,1.0,True,away,Pacific,55.0,55.0,1.0,True
2022_2022-10-23_Atlético_Ottawa_vs_Pacific,2022,2022-10-23T18:00:00Z,Atlético,Pacific,0.0,0.0,0.0,55.0,55.0,True,home,Pacific,55.0,55.0,1.0,True,away,Atlético,55.0,55.0,1.0,True
2022_2022-10-23_Forge_vs_Cavalry,2022,2022-10-23T21:00:00Z,Forge,Cavalry,-405.939699999999,-405.939699999999,-405.939699999999,16446.9045,16852.8442,True,home,Cavalry,16446.9045,16446.9045,1.0,True,away,Forge,16852.8442,16852.8442,1.0,True
2022_2022-10-30_Atlético_Ottawa_vs_Forge,2022,2022-10-30T22:00:00Z,Atlético,Forge,0.0,0.0,0.0,55.0,55.0,True,home,Forge,55.0,55.0,1.0,True,away,Atlético,55.0,55.0,1.0,True
2023_2023-04-15_Atlético_Ottawa_vs_HFX_Wanderers,2023,2023-04-15T17:00:00Z,Atlético,Wanderers,0.0,0.0,0.0,55.0,55.0,True,home,Wanderers,55.0,55.0,1.0,True,away,Atlético,55.0,55.0,1.0,True
2023_2023-04-15_Forge_vs_Cavalry,2023,2023-04-15T20:00:00Z,Forge,Cavalry,-77.86160000000018,-77.86160000000018,-77.86160000000018,16534.406,16612.2676,True,home,Cavalry,16534.406,16534.406,1.0,True,away,Forge,16612.2676,16612.2676,1.0,True
2023_2023-04-15_Pacific_vs_Vancouver_FC,2023,2023-04-15T23:00:00Z,Pacific,Vancouver FC,0.0005999999999986017,0.0005999999999986017,0.0005999999999986017,55.0,54.9994,True,home,Vancouver FC,55.0,55.0,1.0,True,away,Pacific,54.9994,54.9994,1.0,True
2023_2023-04-16_York_United_vs_Valour,2023,2023-04-16T18:00:00Z,York,Valour,0.0,0.0,0.0,55.0,55.0,True,home,Valour,55.0,55.0,1.0,True,away,York,55.0,55.0,1.0,True
2023_2023-04-22_York_United_vs_Vancouver_FC,2023,2023-04-22T17:00:00Z,York,Vancouver FC,0.0005999999999986017,0.0005999999999986017,0.0005999999999986017,55.0,54.9994,True,home,Vancouver FC,55.0,55.0,1.0,True,away,York,54.9994,54.9994,1.0,True
2023_2023-04-22_Forge_vs_HFX_Wanderers,2023,2023-04-22T20:00:00Z,Forge,Wanderers,0.0,0.0,0.0,55.0,55.0,True,home,Wanderers,55.0,55.0,1.0,True,away,Forge,55.0,55.0,1.0,True
2023_2023-04-22_Valour_vs_Atlético_Ottawa,2023,2023-04-22T23:00:00Z,Valour,Atlético,0.0,0.0,0.0,55.0,55.0,True,home,Atlético,55.0,55.0,1.0,True,away,Valour,55.0,55.0,1.0,True
2023_2023-04-23_Pacific_vs_Cavalry,2023,2023-04-23T20:00:00Z,Pacific,Cavalry,44.076499999999214,44.076499999999214,44.076499999999214,16669.8863,16625.8098,True,home,Cavalry,16669.8863,16669.8863,1.0,True,away,Pacific,16625.8098,16625.8098,1.0,True
2023_2023-04-29_HFX_Wanderers_vs_Vancouver_FC,2023,2023-04-29T18:00:00Z,Wanderers,Vancouver FC,0.0005999999999986017,0.0005999999999986017,0.0005999999999986017,55.0,54.9994,True,home,Vancouver FC,55.0,55.0,1.0,True,away,Wanderers,54.9994,54.9994,1.0,True
2023_2023-04-29_Atlético_Ottawa_vs_York_United,2023,2023-04-29T21:00:00Z,Atlético,York,0.0,0.0,0.0,55.0,55.0,True,home,York,55.0,55.0,1.0,True,away,Atlético,55.0,55.0,1.0,True
2023_2023-04-30_Cavalry_vs_Valour,2023,2023-04-30T21:00:00Z,Cavalry,Valour,289.03650000000016,289.03650000000016,289.03650000000016,16642.7723,16353.7358,True,home,Valour,16642.7723,16642.7723,1.0,True,away,Cavalry,16353.7358,16353.7358,1.0,True
2023_2023-05-01_Pacific_vs_Forge,2023,2023-05-01T00:00:00Z,Pacific,Forge,132.06009999999878,132.06009999999878,132.06009999999878,16652.9238,16520.8637,True,home,Forge,16652.9238,16652.9238,1.0,True,away,Pacific,16520.8637,16520.8637,1.0,True
2023_2023-05-05_York_United_vs_Forge,2023,2023-05-05T23:30:00Z,York,Forge,0.0,0.0,0.0,55.0,55.0,True,home,Forge,55.0,55.0,1.0,True,away,York,55.0,55.0,1.0,True
2023_2023-05-06_Valour_vs_HFX_Wanderers,2023,2023-05-06T20:00:00Z,Valour,Wanderers,0.0,0.0,0.0,55.0,55.0,True,home,Wanderers,55.0,55.0,1.0,True,away,Valour,55.0,55.0,1.0,True
2023_2023-05-06_Atlético_Ottawa_vs_Pacific,2023,2023-05-06T23:00:00Z,Atlético,Pacific,0.0,0.0,0.0,55.0,55.0,True,home,Pacific,55.0,55.0,1.0,True,away,Atlético,55.0,55.0,1.0,True
2023_2023-05-07_Vancouver_FC_vs_Cavalry,2023,2023-05-07T23:00:00Z,Vancouver FC,Cavalry,-0.0005999999999986017,-0.0005999999999986017,-0.0005999999999986017,54.9994,55.0,True,home,Cavalry,54.9994,54.9994,1.0,True,away,Vancouver FC,55.0,55.0,1.0,True
2023_2023-05-13_Forge_vs_Valour,2023,2023-05-13T20:00:00Z,Forge,Valour,272.76320000000123,272.76320000000123,272.76320000000123,16650.2678,16377.5046,True,home,Valour,16650.2678,16650.2678,1.0,True,away,Forge,16377.5046,16377.5046,1.0,True
2023_2023-05-13_Cavalry_vs_HFX_Wanderers,2023,2023-05-13T23:00:00Z,Cavalry,Wanderers,0.0,0.0,0.0,55.0,55.0,True,home,Wanderers,55.0,55.0,1.0,True,away,Cavalry,55.0,55.0,1.0,True
2023_2023-05-14_Vancouver_FC_vs_Atlético_Ottawa,2023,2023-05-14T01:30:00Z,Vancouver FC,Atlético,-0.0005999999999986017,-0.0005999999999986017,-0.0005999999999986017,54.9994,55.0,True,home,Atlético,54.9994,54.9994,1.0,True,away,Vancouver FC,55.0,55.0,1.0,True
2023_2023-05-14_Pacific_vs_York_United,2023,2023-05-14T22:00:00Z,Pacific,York,0.0,0.0,0.0,55.0,55.0,True,home,York,55.0,55.0,1.0,True,away,Pacific,55.0,55.0,1.0,True
2023_2023-05-19_Forge_vs_Vancouver_FC,2023,2023-05-19T23:00:00Z,Forge,Vancouver FC,0.0005999999999986017,0.0005999999999986017,0.0005999999999986017,55.0,54.9994,True,home,Vancouver FC,55.0,55.0,1.0,True,away,Forge,54.9994,54.9994,1.0,True
2023_2023-05-20_HFX_Wanderers_vs_York_United,2023,2023-05-20T18:00:00Z,Wanderers,York,0.0,0.0,0.0,55.0,55.0,True,home,York,55.0,55.0,1.0,True,away,Wanderers,55.0,55.0,1.0,True
2023_2023-05-20_Valour_vs_Pacific,2023,2023-05-20T21:00:00Z,Valour,Pacific,-232.67229999999836,-232.67229999999836,-232.67229999999836,16290.8475,16523.5198,True,home,Pacific,16290.8475,16290.8475,1.0,True,away,Valour,16523.5198,16523.5198,1.0,True
2023_2023-05-21_Cavalry_vs_Atlético_Ottawa,2023,2023-05-21T23:00:00Z,Cavalry,Atlético,0.0,0.0,0.0,55.0,55.0,True,home,Atlético,55.0,55.0,1.0,True,away,Cavalry,55.0,55.0,1.0,True
2023_2023-05-27_Atlético_Ottawa_vs_Forge,2023,2023-05-27T18:00:00Z,Atlético,Forge,0.0,0.0,0.0,55.0,55.0,True,home,Forge,55.0,55.0,1.0,True,away,Atlético,55.0,55.0,1.0,True
2023_2023-05-28_Pacific_vs_HFX_Wanderers,2023,2023-05-28T02:00:00Z,Pacific,Wanderers,0.0,0.0,0.0,55.0,55.0,True,home,Wanderers,55.0,55.0,1.0,True,away,Pacific,55.0,55.0,1.0,True
2023_2023-05-28_York_United_vs_Cavalry,2023,2023-05-28T21:00:00Z,York,Cavalry,0.0,0.0,0.0,55.0,55.0,True,home,Cavalry,55.0,55.0,1.0,True,away,York,55.0,55.0,1.0,True
2023_2023-05-29_Vancouver_FC_vs_Valour,2023,2023-05-29T00:00:00Z,Vancouver FC,Valour,-0.0005999999999986017,-0.0005999999999986017,-0.0005999999999986017,54.9994,55.0,True,home,Valour,54.9994,54.9994,1.0,True,away,Vancouver FC,55.0,55.0,1.0,True
2023_2023-05-31_Forge_vs_York_United,2023,2023-05-31T23:00:00Z,Forge,York,0.0,0.0,0.0,55.0,55.0,True,home,York,55.0,55.0,1.0,True,away,Forge,55.0,55.0,1.0,True
2023_2023-06-03_Vancouver_FC_vs_Pacific,2023,2023-06-03T02:00:00Z,Vancouver FC,Pacific,-0.0005999999999986017,-0.0005999999999986017,-0.0005999999999986017,54.9994,55.0,True,home,Pacific,54.9994,54.9994,1.0,True,away,Vancouver FC,55.0,55.0,1.0,True
2023_2023-06-03_Cavalry_vs_Forge,2023,2023-06-03T20:00:00Z,Cavalry,Forge,-117.92120000000068,-117.92120000000068,-117.92120000000068,16619.0036,16736.9248,True,home,Forge,16619.0036,16619.0036,1.0,True,away,Cavalry,16736.9248,16736.9248,1.0,True
2023_2023-06-03_Atlético_Ottawa_vs_HFX_Wanderers,2023,2023-06-03T23:00:00Z,Atlético,Wanderers,0.0,0.0,0.0,55.0,55.0,True,home,Wanderers,55.0,55.0,1.0,True,away,Atlético,55.0,55.0,1.0,True
2023_2023-06-04_Valour_vs_York_United,2023,2023-06-04T19:00:00Z,Valour,York,0.0,0.0,0.0,55.0,55.0,True,home,York,55.0,55.0,1.0,True,away,Valour,55.0,55.0,1.0,True
2023_2023-06-09_York_United_vs_Atlético_Ottawa,2023,2023-06-09T23:30:00Z,York,Atlético,0.0,0.0,0.0,55.0,55.0,True,home,Atlético,55.0,55.0,1.0,True,away,York,55.0,55.0,1.0,True
2023_2023-06-10_HFX_Wanderers_vs_Valour,2023,2023-06-10T17:00:00Z,Wanderers,Valour,0.0,0.0,0.0,55.0,55.0,True,home,Valour,55.0,55.0,1.0,True,away,Wanderers,55.0,55.0,1.0,True
2023_2023-06-10_Forge_vs_Pacific,2023,2023-06-10T23:00:00Z,Forge,Pacific,216.65419999999722,216.65419999999722,216.65419999999722,16749.2865,16532.6323,True,home,Pacific,16749.2865,16749.2865,1.0,True,away,Forge,16532.6323,16532.6323,1.0,True
2023_2023-06-11_Cavalry_vs_Vancouver_FC,2023,2023-06-11T21:00:00Z,Cavalry,Vancouver FC,0.0005999999999986017,0.0005999999999986017,0.0005999999999986017,55.0,54.9994,True,home,Vancouver FC,55.0,55.0,1.0,True,away,Cavalry,54.9994,54.9994,1.0,True
2023_2023-06-17_Valour_vs_Forge,2023,2023-06-17T00:00:00Z,Valour,Forge,-335.7554999999993,-335.7554999999993,-335.7554999999993,16281.735,16617.4905,True,home,Forge,16281.735,16281.735,1.0,True,away,Valour,16617.4905,16617.4905,1.0,True
2023_2023-06-17_Atlético_Ottawa_vs_Vancouver_FC,2023,2023-06-17T18:00:00Z,Atlético,Vancouver FC,0.0005999999999986017,0.0005999999999986017,0.0005999999999986017,55.0,54.9994,True,home,Vancouver FC,55.0,55.0,1.0,True,away,Atlético,54.9994,54.9994,1.0,True
2023_2023-06-17_HFX_Wanderers_vs_Cavalry,2023,2023-06-17T18:00:00Z,Wanderers,Cavalry,0.0,0.0,0.0,55.0,55.0,True,home,Cavalry,55.0,55.0,1.0,True,away,Wanderers,55.0,55.0,1.0,True
2023_2023-06-18_Pacific_vs_York_United,2023,2023-06-18T20:00:00Z,Pacific,York,0.0,0.0,0.0,55.0,55.0,True,home,York,55.0,55.0,1.0,True,away,Pacific,55.0,55.0,1.0,True
2023_2023-06-21_Vancouver_FC_vs_Forge,2023,2023-06-21T02:00:00Z,Vancouver FC,Forge,-0.0005999999999986017,-0.0005999999999986017,-0.0005999999999986017,54.9994,55.0,True,home,Forge,54.9994,54.9994,1.0,True,away,Vancouver FC,55.0,55.0,1.0,True
2023_2023-06-21_York_United_vs_HFX_Wanderers,2023,2023-06-21T23:00:00Z,York,Wanderers,0.0,0.0,0.0,55.0,55.0,True,home,Wanderers,55.0,55.0,1.0,True,away,York,55.0,55.0,1.0,True
2023_2023-06-22_Pacific_vs_Valour,2023,2023-06-22T02:00:00Z,Pacific,Valour,278.83120000000054,278.83120000000054,278.83120000000054,16664.4283,16385.5971,True,home,Valour,16664.4283,16664.4283,1.0,True,away,Pacific,16385.5971,16385.5971,1.0,True
2023_2023-06-24_Cavalry_vs_York_United,2023,2023-06-24T21:00:00Z,Cavalry,York,0.0,0.0,0.0,55.0,55.0,True,home,York,55.0,55.0,1.0,True,away,Cavalry,55.0,55.0,1.0,True
2023_2023-06-25_Valour_vs_Vancouver_FC,2023,2023-06-25T19:00:00Z,Valour,Vancouver FC,0.0005999999999986017,0.0005999999999986017,0.0005999999999986017,55.0,54.9994,True,home,Vancouver FC,55.0,55.0,1.0,True,away,Valour,54.9994,54.9994,1.0,True
2023_2023-06-25_Forge_vs_Atlético_Ottawa,2023,2023-06-25T22:00:00Z,Forge,Atlético,0.0,0.0,0.0,55.0,55.0,True,home,Atlético,55.0,55.0,1.0,True,away,Forge,55.0,55.0,1.0,True
2023_2023-06-30_HFX_Wanderers_vs_Forge,2023,2023-06-30T22:00:00Z,Wanderers,Forge,0.0,0.0,0.0,55.0,55.0,True,home,Forge,55.0,55.0,1.0,True,away,Wanderers,55.0,55.0,1.0,True
2023_2023-07-01_Pacific_vs_Atlético_Ottawa,2023,2023-07-01T01:30:00Z,Pacific,Atlético,0.0,0.0,0.0,55.0,55.0,True,home,Atlético,55.0,55.0,1.0,True,away,Pacific,55.0,55.0,1.0,True
2023_2023-07-01_Valour_vs_Cavalry,2023,2023-07-01T19:00:00Z,Valour,Cavalry,-307.5562999999984,-307.5562999999984,-307.5562999999984,16299.0856,16606.6419,True,home,Cavalry,16299.0856,16299.0856,1.0,True,away,Valour,16606.6419,16606.6419,1.0,True
2023_2023-07-02_Vancouver_FC_vs_York_United,2023,2023-07-02T20:30:00Z,Vancouver FC,York,-0.0005999999999986017,-0.0005999999999986017,-0.0005999999999986017,54.9994,55.0,True,home,York,54.9994,54.9994,1.0,True,away,Vancouver FC,55.0,55.0,1.0,True
2023_2023-07-08_Vancouver_FC_vs_HFX_Wanderers,2023,2023-07-08T02:00:00Z,Vancouver FC,Wanderers,-0.0005999999999986017,-0.0005999999999986017,-0.0005999999999986017,54.9994,55.0,True,home,Wanderers,54.9994,54.9994,1.0,True,away,Vancouver FC,55.0,55.0,1.0,True
2023_2023-07-09_Pacific_vs_Cavalry,2023,2023-07-09T01:00:00Z,Pacific,Cavalry,27.329099999999016,27.329099999999016,27.329099999999016,16750.9397,16723.6106,True,home,Cavalry,16750.9397,16750.9397,1.0,True,away,Pacific,16723.6106,16723.6106,1.0,True
2023_2023-07-09_Atlético_Ottawa_vs_Valour,2023,2023-07-09T19:00:00Z,Atlético,Valour,0.0,0.0,0.0,55.0,55.0,True,home,Valour,55.0,55.0,1.0,True,away,Atlético,55.0,55.0,1.0,True
2023_2023-07-09_York_United_vs_Forge,2023,2023-07-09T23:30:00Z,York,Forge,0.0,0.0,0.0,55.0,55.0,True,home,Forge,55.0,55.0,1.0,True,away,York,55.0,55.0,1.0,True
2023_2023-07-11_HFX_Wanderers_vs_Pacific,2023,2023-07-11T23:00:00Z,Wanderers,Pacific,0.0,0.0,0.0,55.0,55.0,True,home,Pacific,55.0,55.0,1.0,True,away,Wanderers,55.0,55.0,1.0,True
2023_2023-07-13_Cavalry_vs_Atlético_Ottawa,2023,2023-07-13T00:30:00Z,Cavalry,Atlético,0.0,0.0,0.0,55.0,55.0,True,home,Atlético,55.0,55.0,1.0,True,away,Cavalry,55.0,55.0,1.0,True
2023_2023-07-14_York_United_vs_Pacific,2023,2023-07-14T23:30:00Z,York,Pacific,0.0,0.0,0.0,55.0,55.0,True,home,Pacific,55.0,55.0,1.0,True,away,York,55.0,55.0,1.0,True
2023_2023-07-15_Cavalry_vs_HFX_Wanderers,2023,2023-07-15T20:00:00Z,Cavalry,Wanderers,0.0,0.0,0.0,55.0,55.0,True,home,Wanderers,55.0,55.0,1.0,True,away,Cavalry,55.0,55.0,1.0,True
2023_2023-07-15_Forge_vs_Valour,2023,2023-07-15T23:00:00Z,Forge,Valour,331.511599999998,331.511599999998,331.511599999998,16513.6285,16182.1169,True,home,Valour,16513.6285,16513.6285,1.0,True,away,Forge,16182.1169,16182.1169,1.0,True
2023_2023-07-16_Atlético_Ottawa_vs_Vancouver_FC,2023,2023-07-16T18:00:00Z,Atlético,Vancouver FC,0.0005999999999986017,0.0005999999999986017,0.0005999999999986017,55.0,54.9994,True,home,Vancouver FC,55.0,55.0,1.0,True,away,Atlético,54.9994,54.9994,1.0,True
2023_2023-07-22_Pacific_vs_Forge,2023,2023-07-22T02:00:00Z,Pacific,Forge,135.77189999999973,135.77189999999973,135.77189999999973,16624.4481,16488.6762,True,home,Forge,16624.4481,16624.4481,1.0,True,away,Pacific,16488.6762,16488.6762,1.0,True
2023_2023-07-22_Vancouver_FC_vs_Cavalry,2023,2023-07-22T23:00:00Z,Vancouver FC,Cavalry,-0.0005999999999986017,-0.0005999999999986017,-0.0005999999999986017,54.9994,55.0,True,home,Cavalry,54.9994,54.9994,1.0,True,away,Vancouver FC,55.0,55.0,1.0,True
2023_2023-07-23_HFX_Wanderers_vs_Atlético_Ottawa,2023,2023-07-23T20:00:00Z,Wanderers,Atlético,0.0,0.0,0.0,55.0,55.0,True,home,Atlético,55.0,55.0,1.0,True,away,Wanderers,55.0,55.0,1.0,True
2023_2023-07-23_Valour_vs_York_United,2023,2023-07-23T23:00:00Z,Valour,York,0.0,0.0,0.0,55.0,55.0,True,home,York,55.0,55.0,1.0,True,away,Valour,55.0,55.0,1.0,True
2023_2023-07-28_Forge_vs_Vancouver_FC,2023,2023-07-28T23:00:00Z,Forge,Vancouver FC,0.0005999999999986017,0.0005999999999986017,0.0005999999999986017,55.0,54.9994,True,home,Vancouver FC,55.0,55.0,1.0,True,away,Forge,54.9994,54.9994,1.0,True
2023_2023-07-29_Valour_vs_Pacific,2023,2023-07-29T20:00:00Z,Valour,Pacific,-287.8713000000007,-287.8713000000007,-287.8713000000007,16207.0692,16494.9405,True,home,Pacific,16207.0692,16207.0692,1.0,True,away,Valour,16494.9405,16494.9405,1.0,True
2023_2023-07-29_Atlético_Ottawa_vs_Cavalry,2023,2023-07-29T23:00:00Z,Atlético,Cavalry,0.0,0.0,0.0,55.0,55.0,True,home,Cavalry,55.0,55.0,1.0,True,away,Atlético,55.0,55.0,1.0,True
2023_2023-07-30_York_United_vs_HFX_Wanderers,2023,2023-07-30T18:00:00Z,York,Wanderers,0.0,0.0,0.0,55.0,55.0,True,home,Wanderers,55.0,55.0,1.0,True,away,York,55.0,55.0,1.0,True
2023_2023-08-05_Cavalry_vs_Forge,2023,2023-08-05T01:00:00Z,Cavalry,Forge,231.91849999999977,231.91849999999977,231.91849999999977,16850.1022,16618.1837,True,home,Forge,16850.1022,16850.1022,1.0,True,away,Cavalry,16618.1837,16618.1837,1.0,True
2023_2023-08-05_Atlético_Ottawa_vs_York_United,2023,2023-08-05T23:00:00Z,Atlético,York,0.0,0.0,0.0,55.0,55.0,True,home,York,55.0,55.0,1.0,True,away,Atlético,55.0,55.0,1.0,True
2023_2023-08-06_Vancouver_FC_vs_Valour,2023,2023-08-06T21:00:00Z,Vancouver FC,Valour,-0.0005999999999986017,-0.0005999999999986017,-0.0005999999999986017,54.9994,55.0,True,home,Valour,54.9994,54.9994,1.0,True,away,Vancouver FC,55.0,55.0,1.0,True
2023_2023-08-07_HFX_Wanderers_vs_Pacific,2023,2023-08-07T18:00:00Z,Wanderers,Pacific,0.0,0.0,0.0,55.0,55.0,True,home,Pacific,55.0,55.0,1.0,True,away,Wanderers,55.0,55.0,1.0,True
2023_2023-08-12_Valour_vs_Cavalry,2023,2023-08-12T00:00:00Z,Valour,Cavalry,-848.3904000000002,-848.3904000000002,-848.3904000000002,16089.5364,16937.9268,True,home,Cavalry,16089.5364,16089.5364,1.0,True,away,Valour,16937.9268,16937.9268,1.0,True
2023_2023-08-12_HFX_Wanderers_vs_Vancouver_FC,2023,2023-08-12T19:00:00Z,Wanderers,Vancouver FC,0.0005999999999986017,0.0005999999999986017,0.0005999999999986017,55.0,54.9994,True,home,Vancouver FC,55.0,55.0,1.0,True,away,Wanderers,54.9994,54.9994,1.0,True
2023_2023-08-12_Forge_vs_York_United,2023,2023-08-12T23:00:00Z,Forge,York,0.0,0.0,0.0,55.0,55.0,True,home,York,55.0,55.0,1.0,True,away,Forge,55.0,55.0,1.0,True
2023_2023-08-13_Pacific_vs_Atlético_Ottawa,2023,2023-08-13T20:30:00Z,Pacific,Atlético,0.0,0.0,0.0,55.0,55.0,True,home,Atlético,55.0,55.0,1.0,True,away,Pacific,55.0,55.0,1.0,True
2023_2023-08-19_Valour_vs_Atlético_Ottawa,2023,2023-08-19T00:00:00Z,Valour,Atlético,0.0,0.0,0.0,55.0,55.0,True,home,Atlético,55.0,55.0,1.0,True,away,Valour,55.0,55.0,1.0,True
2023_2023-08-19_Vancouver_FC_vs_Pacific,2023,2023-08-19T20:00:00Z,Vancouver FC,Pacific,-0.0005999999999986017,-0.0005999999999986017,-0.0005999999999986017,54.9994,55.0,True,home,Pacific,54.9994,54.9994,1.0,True,away,Vancouver FC,55.0,55.0,1.0,True
2023_2023-08-19_Forge_vs_HFX_Wanderers,2023,2023-08-19T23:00:00Z,Forge,Wanderers,0.0,0.0,0.0,55.0,55.0,True,home,Wanderers,55.0,55.0,1.0,True,away,Forge,55.0,55.0,1.0,True
2023_2023-08-20_Cavalry_vs_York_United,2023,2023-08-20T21:00:00Z,Cavalry,York,0.0,0.0,0.0,55.0,55.0,True,home,York,55.0,55.0,1.0,True,away,Cavalry,55.0,55.0,1.0,True
2023_2023-08-25_York_United_vs_Vancouver_FC,2023,2023-08-25T23:30:00Z,York,Vancouver FC,0.0005999999999986017,0.0005999999999986017,0.0005999999999986017,55.0,54.9994,True,home,Vancouver FC,55.0,55.0,1.0,True,away,York,54.9994,54.9994,1.0,True
2023_2023-08-26_HFX_Wanderers_vs_Valour,2023,2023-08-26T19:00:00Z,Wanderers,Valour,0.0,0.0,0.0,55.0,55.0,True,home,Valour,55.0,55.0,1.0,True,away,Wanderers,55.0,55.0,1.0,True
2023_2023-08-26_Atlético_Ottawa_vs_Forge,2023,2023-08-26T23:00:00Z,Atlético,Forge,0.0,0.0,0.0,55.0,55.0,True,home,Forge,55.0,55.0,1.0,True,away,Atlético,55.0,55.0,1.0,True
2023_2023-08-27_Cavalry_vs_Pacific,2023,2023-08-27T21:00:00Z,Cavalry,Pacific,206.8824999999997,206.8824999999997,206.8824999999997,16819.3559,16612.4734,True,home,Pacific,16819.3559,16819.3559,1.0,True,away,Cavalry,16612.4734,16612.4734,1.0,True
2023_2023-09-02_Pacific_vs_Valour,2023,2023-09-02T20:00:00Z,Pacific,Valour,315.8705000000009,315.8705000000009,315.8705000000009,16523.9778,16208.1073,True,home,Valour,16523.9778,16523.9778,1.0,True,away,Pacific,16208.1073,16208.1073,1.0,True
2023_2023-09-02_Atlético_Ottawa_vs_Cavalry,2023,2023-09-02T23:00:00Z,Atlético,Cavalry,0.0,0.0,0.0,55.0,55.0,True,home,Cavalry,55.0,55.0,1.0,True,away,Atlético,55.0,55.0,1.0,True
2023_2023-09-03_Vancouver_FC_vs_Forge,2023,2023-09-03T21:00:00Z,Vancouver FC,Forge,-0.0005999999999986017,-0.0005999999999986017,-0.0005999999999986017,54.9994,55.0,True,home,Forge,54.9994,54.9994,1.0,True,away,Vancouver FC,55.0,55.0,1.0,True
2023_2023-09-04_HFX_Wanderers_vs_York_United,2023,2023-09-04T18:00:00Z,Wanderers,York,0.0,0.0,0.0,55.0,55.0,True,home,York,55.0,55.0,1.0,True,away,Wanderers,55.0,55.0,1.0,True
2023_2023-09-08_York_United_vs_Valour,2023,2023-09-08T23:00:00Z,York,Valour,0.0,0.0,0.0,55.0,55.0,True,home,Valour,55.0,55.0,1.0,True,away,York,55.0,55.0,1.0,True
2023_2023-09-09_Pacific_vs_HFX_Wanderers,2023,2023-09-09T02:00:00Z,Pacific,Wanderers,0.0,0.0,0.0,55.0,55.0,True,home,Wanderers,55.0,55.0,1.0,True,away,Pacific,55.0,55.0,1.0,True
2023_2023-09-09_Forge_vs_Cavalry,2023,2023-09-09T23:00:00Z,Forge,Cavalry,-377.4923999999992,-377.4923999999992,-377.4923999999992,16530.3591,16907.8515,True,home,Cavalry,16530.3591,16530.3591,1.0,True,away,Forge,16907.8515,16907.8515,1.0,True
2023_2023-09-10_Vancouver_FC_vs_Atlético_Ottawa,2023,2023-09-10T02:00:00Z,Vancouver FC,Atlético,-0.0005999999999986017,-0.0005999999999986017,-0.0005999999999986017,54.9994,55.0,True,home,Atlético,54.9994,54.9994,1.0,True,away,Vancouver FC,55.0,55.0,1.0,True
2023_2023-09-12_HFX_Wanderers_vs_Cavalry,2023,2023-09-12T22:00:00Z,Wanderers,Cavalry,0.0,0.0,0.0,55.0,55.0,True,home,Cavalry,55.0,55.0,1.0,True,away,Wanderers,55.0,55.0,1.0,True
2023_2023-09-13_Atlético_Ottawa_vs_Pacific,2023,2023-09-13T21:30:00Z,Atlético,Pacific,0.0,0.0,0.0,55.0,55.0,True,home,Pacific,55.0,55.0,1.0,True,away,Atlético,55.0,55.0,1.0,True
2023_2023-09-16_Cavalry_vs_Vancouver_FC,2023,2023-09-16T21:00:00Z,Cavalry,Vancouver FC,0.0005999999999986017,0.0005999999999986017,0.0005999999999986017,55.0,54.9994,True,home,Vancouver FC,55.0,55.0,1.0,True,away,Cavalry,54.9994,54.9994,1.0,True
2023_2023-09-17_Valour_vs_Forge,2023,2023-09-17T18:00:00Z,Valour,Forge,-402.7641000000003,-402.7641000000003,-402.7641000000003,16122.6112,16525.3753,True,home,Forge,16122.6112,16122.6112,1.0,True,away,Valour,16525.3753,16525.3753,1.0,True
2023_2023-09-17_York_United_vs_Pacific,2023,2023-09-17T21:00:00Z,York,Pacific,0.0,0.0,0.0,55.0,55.0,True,home,Pacific,55.0,55.0,1.0,True,away,York,55.0,55.0,1.0,True
2023_2023-09-18_HFX_Wanderers_vs_Atlético_Ottawa,2023,2023-09-18T22:00:00Z,Wanderers,Atlético,0.0,0.0,0.0,55.0,55.0,True,home,Atlético,55.0,55.0,1.0,True,away,Wanderers,55.0,55.0,1.0,True
2023_2023-09-21_Valour_vs_Vancouver_FC,2023,2023-09-21T00:00:00Z,Valour,Vancouver FC,0.0005999999999986017,0.0005999999999986017,0.0005999999999986017,55.0,54.9994,True,home,Vancouver FC,55.0,55.0,1.0,True,away,Valour,54.9994,54.9994,1.0,True
2023_2023-09-23_York_United_vs_Cavalry,2023,2023-09-23T17:00:00Z,York,Cavalry,0.0,0.0,0.0,55.0,55.0,True,home,Cavalry,55.0,55.0,1.0,True,away,York,55.0,55.0,1.0,True
2023_2023-09-23_Vancouver_FC_vs_HFX_Wanderers,2023,2023-09-23T20:00:00Z,Vancouver FC,Wanderers,-0.0005999999999986017,-0.0005999999999986017,-0.0005999999999986017,54.9994,55.0,True,home,Wanderers,54.9994,54.9994,1.0,True,away,Vancouver FC,55.0,55.0,1.0,True
2023_2023-09-23_Forge_vs_Pacific,2023,2023-09-23T23:00:00Z,Forge,Pacific,30.114999999997963,30.114999999997963,30.114999999997963,16639.5889,16609.4739,True,home,Pacific,16639.5889,16639.5889,1.0,True,away,Forge,16609.4739,16609.4739,1.0,True
2023_2023-09-24_Atlético_Ottawa_vs_Valour,2023,2023-09-24T18:00:00Z,Atlético,Valour,0.0,0.0,0.0,55.0,55.0,True,home,Valour,55.0,55.0,1.0,True,away,Atlético,55.0,55.0,1.0,True
2023_2023-09-30_Cavalry_vs_Valour,2023,2023-09-30T01:00:00Z,Cavalry,Valour,904.4376999999986,904.4376999999986,904.4376999999986,16912.8353,16008.3976,True,home,Valour,16912.8353,16912.8353,1.0,True,away,Cavalry,16008.3976,16008.3976,1.0,True
2023_2023-09-30_HFX_Wanderers_vs_Forge,2023,2023-09-30T18:00:00Z,Wanderers,Forge,0.0,0.0,0.0,55.0,55.0,True,home,Forge,55.0,55.0,1.0,True,away,Wanderers,55.0,55.0,1.0,True
2023_2023-09-30_Pacific_vs_Vancouver_FC,2023,2023-09-30T21:00:00Z,Pacific,Vancouver FC,0.0005999999999986017,0.0005999999999986017,0.0005999999999986017,55.0,54.9994,True,home,Vancouver FC,55.0,55.0,1.0,True,away,Pacific,54.9994,54.9994,1.0,True
2023_2023-10-01_York_United_vs_Atlético_Ottawa,2023,2023-10-01T17:00:00Z,York,Atlético,0.0,0.0,0.0,55.0,55.0,True,home,Atlético,55.0,55.0,1.0,True,away,York,55.0,55.0,1.0,True
2023_2023-10-06_Valour_vs_HFX_Wanderers,2023,2023-10-06T23:30:00Z,Valour,Wanderers,0.0,0.0,0.0,55.0,55.0,True,home,Wanderers,55.0,55.0,1.0,True,away,Valour,55.0,55.0,1.0,True
2023_2023-10-07_Vancouver_FC_vs_York_United,2023,2023-10-07T02:30:00Z,Vancouver FC,York,-0.0005999999999986017,-0.0005999999999986017,-0.0005999999999986017,54.9994,55.0,True,home,York,54.9994,54.9994,1.0,True,away,Vancouver FC,55.0,55.0,1.0,True
2023_2023-10-07_Cavalry_vs_Pacific,2023,2023-10-07T21:00:00Z,Cavalry,Pacific,466.8182000000015,466.8182000000015,466.8182000000015,16982.8836,16516.0654,True,home,Pacific,16982.8836,16982.8836,1.0,True,away,Cavalry,16516.0654,16516.0654,1.0,True
2023_2023-10-07_Forge_vs_Atlético_Ottawa,2023,2023-10-07T21:00:00Z,Forge,Atlético,0.0,0.0,0.0,55.0,55.0,True,home,Atlético,55.0,55.0,1.0,True,away,Forge,55.0,55.0,1.0,True
2023_2023-10-12_Pacific_vs_York_United,2023,2023-10-12T02:00:00Z,Pacific,York,0.0,0.0,0.0,55.0,55.0,True,home,York,55.0,55.0,1.0,True,away,Pacific,55.0,55.0,1.0,True
2023_2023-10-14_HFX_Wanderers_vs_Pacific,2023,2023-10-14T18:00:00Z,Wanderers,Pacific,0.0,0.0,0.0,55.0,55.0,True,home,Pacific,55.0,55.0,1.0,True,away,Wanderers,55.0,55.0,1.0,True
2023_2023-10-14_Cavalry_vs_Forge,2023,2023-10-14T21:00:00Z,Cavalry,Forge,331.29139999999825,331.29139999999825,331.29139999999825,17064.2888,16732.9974,True,home,Forge,17064.2888,17064.2888,1.0,True,away,Cavalry,16732.9974,16732.9974,1.0,True
2023_2023-10-21_Cavalry_vs_Pacific,2023,2023-10-21T20:00:00Z,Cavalry,Pacific,494.724000000002,494.724000000002,494.724000000002,16929.3843,16434.6603,True,home,Pacific,16929.3843,16929.3843,1.0,True,away,Cavalry,16434.6603,16434.6603,1.0,True
2023_2023-10-28_Forge_vs_Cavalry,2023,2023-10-28T22:00:00Z,Forge,Cavalry,-142.14020000000164,-142.14020000000164,-142.14020000000164,16867.9018,17010.042,True,home,Cavalry,16867.9018,16867.9018,1.0,True,away,Forge,17010.042,17010.042,1.0,True
2024_2024-04-13_Atlético_Ottawa_vs_York_United,2024,2024-04-13T17:00:00Z,Atlético,York,0.0,0.0,0.0,55.0,55.0,True,home,York,55.0,55.0,1.0,True,away,Atlético,55.0,55.0,1.0,True
2024_2024-04-13_Forge_vs_Cavalry,2024,2024-04-13T20:00:00Z,Forge,Cavalry,-39.668900000000576,-39.668900000000576,-39.668900000000576,16785.6374,16825.3063,True,home,Cavalry,16785.6374,16785.6374,1.0,True,away,Forge,16825.3063,16825.3063,1.0,True
2024_2024-04-13_Pacific_vs_HFX_Wanderers,2024,2024-04-13T23:00:00Z,Pacific,Wanderers,-0.0005999999999986017,-0.0005999999999986017,-0.0005999999999986017,54.9994,55.0,True,home,Wanderers,54.9994,54.9994,1.0,True,away,Pacific,55.0,55.0,1.0,True
2024_2024-04-14_Vancouver_FC_vs_Valour,2024,2024-04-14T23:00:00Z,Vancouver FC,Valour,0.0,0.0,0.0,55.0,55.0,True,home,Valour,55.0,55.0,1.0,True,away,Vancouver FC,55.0,55.0,1.0,True
2024_2024-04-19_Vancouver_FC_vs_HFX_Wanderers,2024,2024-04-19T02:00:00Z,Vancouver FC,Wanderers,0.0,0.0,0.0,55.0,55.0,True,home,Wanderers,55.0,55.0,1.0,True,away,Vancouver FC,55.0,55.0,1.0,True
2024_2024-04-20_Pacific_vs_Valour,2024,2024-04-20T02:00:00Z,Pacific,Valour,246.52800000000025,246.52800000000025,246.52800000000025,16460.2065,16213.6785,True,home,Valour,16460.2065,16460.2065,1.0,True,away,Pacific,16213.6785,16213.6785,1.0,True
2024_2024-04-20_Atlético_Ottawa_vs_Cavalry,2024,2024-04-20T18:00:00Z,Atlético,Cavalry,0.0,0.0,0.0,55.0,55.0,True,home,Cavalry,55.0,55.0,1.0,True,away,Atlético,55.0,55.0,1.0,True
2024_2024-04-21_York_United_vs_Forge,2024,2024-04-21T20:00:00Z,York,Forge,-0.0005999999999986017,-0.0005999999999986017,-0.0005999999999986017,55.0,55.0006,True,home,Forge,55.0,55.0,1.0,True,away,York,55.0006,55.0006,1.0,True
2024_2024-04-26_York_United_vs_Vancouver_FC,2024,2024-04-26T23:00:00Z,York,Vancouver FC,0.0,0.0,0.0,55.0,55.0,True,home,Vancouver FC,55.0,55.0,1.0,True,away,York,55.0,55.0,1.0,True
2024_2024-04-27_HFX_Wanderers_vs_Atlético_Ottawa,2024,2024-04-27T17:00:00Z,Wanderers,Atlético,0.0,0.0,0.0,55.0,55.0,True,home,Atlético,55.0,55.0,1.0,True,away,Wanderers,55.0,55.0,1.0,True
2024_2024-04-27_Forge_vs_Valour,2024,2024-04-27T20:00:00Z,Forge,Valour,754.6912000000011,754.6912000000011,754.6912000000011,16881.1211,16126.4299,True,home,Valour,16881.1211,16881.1211,1.0,True,away,Forge,16126.4299,16126.4299,1.0,True
2024_2024-04-28_Cavalry_vs_Pacific,2024,2024-04-28T21:00:00Z,Cavalry,Pacific,182.36929999999847,182.36929999999847,182.36929999999847,16729.8236,16547.4543,True,home,Pacific,16729.8236,16729.8236,1.0,True,away,Cavalry,16547.4543,16547.4543,1.0,True
2024_2024-05-04_Cavalry_vs_Vancouver_FC,2024,2024-05-04T01:00:00Z,Cavalry,Vancouver FC,0.0,0.0,0.0,55.0,55.0,True,home,Vancouver FC,55.0,55.0,1.0,True,away,Cavalry,55.0,55.0,1.0,True
2024_2024-05-04_Pacific_vs_York_United,2024,2024-05-04T23:00:00Z,Pacific,York,-0.0005999999999986017,-0.0005999999999986017,-0.0005999999999986017,54.9994,55.0,True,home,York,54.9994,54.9994,1.0,True,away,Pacific,55.0,55.0,1.0,True
2024_2024-05-05_Atlético_Ottawa_vs_Valour,2024,2024-05-05T18:00:00Z,Atlético,Valour,0.0,0.0,0.0,55.0,55.0,True,home,Valour,55.0,55.0,1.0,True,away,Atlético,55.0,55.0,1.0,True
2024_2024-05-10_York_United_vs_Valour,2024,2024-05-10T23:00:00Z,York,Valour,0.0,0.0,0.0,55.0,55.0,True,home,Valour,55.0,55.0,1.0,True,away,York,55.0,55.0,1.0,True
2024_2024-05-11_HFX_Wanderers_vs_Cavalry,2024,2024-05-11T18:00:00Z,Wanderers,Cavalry,0.0,0.0,0.0,55.0,55.0,True,home,Cavalry,55.0,55.0,1.0,True,away,Wanderers,55.0,55.0,1.0,True
2024_2024-05-11_Pacific_vs_Forge,2024,2024-05-11T21:00:00Z,Pacific,Forge,-386.91430000000037,-386.91430000000037,-386.91430000000037,16568.1262,16955.0405,True,home,Forge,16568.1262,16568.1262,1.0,True,away,Pacific,16955.0405,16955.0405,1.0,True
2024_2024-05-12_Vancouver_FC_vs_Atlético_Ottawa,2024,2024-05-12T23:00:00Z,Vancouver FC,Atlético,0.0,0.0,0.0,55.0,55.0,True,home,Atlético,55.0,55.0,1.0,True,away,Vancouver FC,55.0,55.0,1.0,True
2024_2024-05-18_Pacific_vs_Atlético_Ottawa,2024,2024-05-18T02:00:00Z,Pacific,Atlético,-0.0005999999999986017,-0.0005999999999986017,-0.0005999999999986017,54.9994,55.0,True,home,Atlético,54.9994,54.9994,1.0,True,away,Pacific,55.0,55.0,1.0,True
2024_2024-05-18_Forge_vs_Vancouver_FC,2024,2024-05-18T20:00:00Z,Forge,Vancouver FC,0.0005999999999986017,0.0005999999999986017,0.0005999999999986017,55.0006,55.0,True,home,Vancouver FC,55.0006,55.0006,1.0,True,away,Forge,55.0,55.0,1.0,True
2024_2024-05-18_Cavalry_vs_York_United,2024,2024-05-18T23:00:00Z,Cavalry,York,0.0,0.0,0.0,55.0,55.0,True,home,York,55.0,55.0,1.0,True,away,Cavalry,55.0,55.0,1.0,True
2024_2024-05-20_HFX_Wanderers_vs_Valour,2024,2024-05-20T19:00:00Z,Wanderers,Valour,0.0,0.0,0.0,55.0,55.0,True,home,Valour,55.0,55.0,1.0,True,away,Wanderers,55.0,55.0,1.0,True
2024_2024-05-24_York_United_vs_HFX_Wanderers,2024,2024-05-24T23:00:00Z,York,Wanderers,0.0,0.0,0.0,55.0,55.0,True,home,Wanderers,55.0,55.0,1.0,True,away,York,55.0,55.0,1.0,True
2024_2024-05-25_Atlético_Ottawa_vs_Forge,2024,2024-05-25T19:00:00Z,Atlético,Forge,-0.0005999999999986017,-0.0005999999999986017,-0.0005999999999986017,55.0,55.0006,True,home,Forge,55.0,55.0,1.0,True,away,Atlético,55.0006,55.0006,1.0,True
2024_2024-05-25_Vancouver_FC_vs_Pacific,2024,2024-05-25T22:00:00Z,Vancouver FC,Pacific,0.0005999999999986017,0.0005999999999986017,0.0005999999999986017,55.0,54.9994,True,home,Pacific,55.0,55.0,1.0,True,away,Vancouver FC,54.9994,54.9994,1.0,True
2024_2024-05-26_Cavalry_vs_Valour,2024,2024-05-26T21:00:00Z,Cavalry,Valour,656.6401999999998,656.6401999999998,656.6401999999998,16709.1515,16052.5113,True,home,Valour,16709.1515,16709.1515,1.0,True,away,Cavalry,16052.5113,16052.5113,1.0,True
2024_2024-06-01_Forge_vs_York_United,2024,2024-06-01T20:00:00Z,Forge,York,0.0005999999999986017,0.0005999999999986017,0.0005999999999986017,55.0006,55.0,True,home,York,55.0006,55.0006,1.0,True,away,Forge,55.0,55.0,1.0,True
2024_2024-06-01_Pacific_vs_Cavalry,2024,2024-06-01T23:00:00Z,Pacific,Cavalry,-112.34029999999984,-112.34029999999984,-112.34029999999984,16563.191,16675.5313,True,home,Cavalry,16563.191,16563.191,1.0,True,away,Pacific,16675.5313,16675.5313,1.0,True
2024_2024-06-02_Atlético_Ottawa_vs_HFX_Wanderers,2024,2024-06-02T18:00:00Z,Atlético,Wanderers,0.0,0.0,0.0,55.0,55.0,True,home,Wanderers,55.0,55.0,1.0,True,away,Atlético,55.0,55.0,1.0,True
2024_2024-06-02_Valour_vs_Vancouver_FC,2024,2024-06-02T22:55:00Z,Valour,Vancouver FC,0.0,0.0,0.0,55.0,55.0,True,home,Vancouver FC,55.0,55.0,1.0,True,away,Valour,55.0,55.0,1.0,True
2024_2024-06-08_HFX_Wanderers_vs_Pacific,2024,2024-06-08T18:00:00Z,Wanderers,Pacific,0.0005999999999986017,0.0005999999999986017,0.0005999999999986017,55.0,54.9994,True,home,Pacific,55.0,55.0,1.0,True,away,Wanderers,54.9994,54.9994,1.0,True
2024_2024-06-08_Cavalry_vs_Forge,2024,2024-06-08T21:00:00Z,Cavalry,Forge,-271.7459999999992,-271.7459999999992,-271.7459999999992,16688.2298,16959.9758,True,home,Forge,16688.2298,16688.2298,1.0,True,away,Cavalry,16959.9758,16959.9758,1.0,True
2024_2024-06-09_Valour_vs_Atlético_Ottawa,2024,2024-06-09T17:30:00Z,Valour,Atlético,0.0,0.0,0.0,55.0,55.0,True,home,Atlético,55.0,55.0,1.0,True,away,Valour,55.0,55.0,1.0,True
2024_2024-06-09_York_United_vs_Vancouver_FC,2024,2024-06-09T22:00:00Z,York,Vancouver FC,0.0,0.0,0.0,55.0,55.0,True,home,Vancouver FC,55.0,55.0,1.0,True,away,York,55.0,55.0,1.0,True
2024_2024-06-15_Valour_vs_Pacific,2024,2024-06-15T00:00:00Z,Valour,Pacific,-464.3612000000012,-464.3612000000012,-464.3612000000012,16086.1314,16550.4926,True,home,Pacific,16086.1314,16086.1314,1.0,True,away,Valour,16550.4926,16550.4926,1.0,True
2024_2024-06-15_Atlético_Ottawa_vs_York_United,2024,2024-06-15T17:00:00Z,Atlético,York,0.0,0.0,0.0,55.0,55.0,True,home,York,55.0,55.0,1.0,True,away,Atlético,55.0,55.0,1.0,True
2024_2024-06-15_HFX_Wanderers_vs_Forge,2024,2024-06-15T20:00:00Z,Wanderers,Forge,-0.0005999999999986017,-0.0005999999999986017,-0.0005999999999986017,55.0,55.0006,True,home,Forge,55.0,55.0,1.0,True,away,Wanderers,55.0006,55.0006,1.0,True
2024_2024-06-16_Vancouver_FC_vs_Cavalry,2024,2024-06-16T21:00:00Z,Vancouver FC,Cavalry,0.0,0.0,0.0,55.0,55.0,True,home,Cavalry,55.0,55.0,1.0,True,away,Vancouver FC,55.0,55.0,1.0,True
2024_2024-06-19_York_United_vs_Pacific,2024,2024-06-19T23:00:00Z,York,Pacific,0.0005999999999986017,0.0005999999999986017,0.0005999999999986017,55.0,54.9994,True,home,Pacific,55.0,55.0,1.0,True,away,York,54.9994,54.9994,1.0,True
2024_2024-06-22_Cavalry_vs_Atlético_Ottawa,2024,2024-06-22T01:00:00Z,Cavalry,Atlético,0.0,0.0,0.0,55.0,55.0,True,home,Atlético,55.0,55.0,1.0,True,away,Cavalry,55.0,55.0,1.0,True
2024_2024-06-23_Forge_vs_Valour,2024,2024-06-23T20:00:00Z,Forge,Valour,884.2297000000017,884.2297000000017,884.2297000000017,16858.0551,15973.8254,True,home,Valour,16858.0551,16858.0551,1.0,True,away,Forge,15973.8254,15973.8254,1.0,True
2024_2024-06-23_Vancouver_FC_vs_HFX_Wanderers,2024,2024-06-23T23:00:00Z,Vancouver FC,Wanderers,0.0,0.0,0.0,55.0,55.0,True,home,Wanderers,55.0,55.0,1.0,True,away,Vancouver FC,55.0,55.0,1.0,True
2024_2024-06-27_Valour_vs_York_United,2024,2024-06-27T23:30:00Z,Valour,York,0.0,0.0,0.0,55.0,55.0,True,home,York,55.0,55.0,1.0,True,away,Valour,55.0,55.0,1.0,True
2024_2024-06-28_Pacific_vs_Vancouver_FC,2024,2024-06-28T02:30:00Z,Pacific,Vancouver FC,-0.0005999999999986017,-0.0005999999999986017,-0.0005999999999986017,54.9994,55.0,True,home,Vancouver FC,54.9994,54.9994,1.0,True,away,Pacific,55.0,55.0,1.0,True
2024_2024-06-28_Atlético_Ottawa_vs_Forge,2024,2024-06-28T23:00:00Z,Atlético,Forge,-0.0005999999999986017,-0.0005999999999986017,-0.0005999999999986017,55.0,55.0006,True,home,Forge,55.0,55.0,1.0,True,away,Atlético,55.0006,55.0006,1.0,True
2024_2024-07-01_HFX_Wanderers_vs_Cavalry,2024,2024-07-01T20:00:00Z,Wanderers,Cavalry,0.0,0.0,0.0,55.0,55.0,True,home,Cavalry,55.0,55.0,1.0,True,away,Wanderers,55.0,55.0,1.0,True
2024_2024-07-05_Forge_vs_Vancouver_FC,2024,2024-07-05T23:00:00Z,Forge,Vancouver FC,0.0005999999999986017,0.0005999999999986017,0.0005999999999986017,55.0006,55.0,True,home,Vancouver FC,55.0006,55.0006,1.0,True,away,Forge,55.0,55.0,1.0,True
2024_2024-07-06_York_United_vs_HFX_Wanderers,2024,2024-07-06T20:00:00Z,York,Wanderers,0.0,0.0,0.0,55.0,55.0,True,home,Wanderers,55.0,55.0,1.0,True,away,York,55.0,55.0,1.0,True
2024_2024-07-07_Atlético_Ottawa_vs_Pacific,2024,2024-07-07T17:00:00Z,Atlético,Pacific,0.0005999999999986017,0.0005999999999986017,0.0005999999999986017,55.0,54.9994,True,home,Pacific,55.0,55.0,1.0,True,away,Atlético,54.9994,54.9994,1.0,True
2024_2024-07-07_Valour_vs_Cavalry,2024,2024-07-07T21:00:00Z,Valour,Cavalry,-886.9532999999992,-886.9532999999992,-886.9532999999992,15903.1962,16790.1495,True,home,Cavalry,15903.1962,15903.1962,1.0,True,away,Valour,16790.1495,16790.1495,1.0,True
2024_2024-07-13_Vancouver_FC_vs_Atlético_Ottawa,2024,2024-07-13T02:00:00Z,Vancouver FC,Atlético,0.0,0.0,0.0,55.0,55.0,True,home,Atlético,55.0,55.0,1.0,True,away,Vancouver FC,55.0,55.0,1.0,True
2024_2024-07-13_Cavalry_vs_York_United,2024,2024-07-13T20:00:00Z,Cavalry,York,0.0,0.0,0.0,55.0,55.0,True,home,York,55.0,55.0,1.0,True,away,Cavalry,55.0,55.0,1.0,True
2024_2024-07-14_Forge_vs_Pacific,2024,2024-07-14T23:00:00Z,Forge,Pacific,265.8875000000007,265.8875000000007,265.8875000000007,16928.685,16662.7975,True,home,Pacific,16928.685,16928.685,1.0,True,away,Forge,16662.7975,16662.7975,1.0,True
2024_2024-07-18_HFX_Wanderers_vs_Valour,2024,2024-07-18T22:00:00Z,Wanderers,Valour,0.0,0.0,0.0,55.0,55.0,True,home,Valour,55.0,55.0,1.0,True,away,Wanderers,55.0,55.0,1.0,True
2024_2024-07-20_Vancouver_FC_vs_York_United,2024,2024-07-20T22:00:00Z,Vancouver FC,York,0.0,0.0,0.0,55.0,55.0,True,home,York,55.0,55.0,1.0,True,away,Vancouver FC,55.0,55.0,1.0,True
2024_2024-07-21_Atlético_Ottawa_vs_Valour,2024,2024-07-21T18:00:00Z,Atlético,Valour,0.0,0.0,0.0,55.0,55.0,True,home,Valour,55.0,55.0,1.0,True,away,Atlético,55.0,55.0,1.0,True
2024_2024-07-21_Cavalry_vs_Forge,2024,2024-07-21T21:00:00Z,Cavalry,Forge,-125.31070000000182,-125.31070000000182,-125.31070000000182,16890.4763,17015.787,True,home,Forge,16890.4763,16890.4763,1.0,True,away,Cavalry,17015.787,17015.787,1.0,True
2024_2024-07-26_York_United_vs_Atlético_Ottawa,2024,2024-07-26T23:00:00Z,York,Atlético,0.0,0.0,0.0,55.0,55.0,True,home,Atlético,55.0,55.0,1.0,True,away,York,55.0,55.0,1.0,True
2024_2024-07-27_Vancouver_FC_vs_Cavalry,2024,2024-07-27T02:00:00Z,Vancouver FC,Cavalry,0.0,0.0,0.0,55.0,55.0,True,home,Cavalry,55.0,55.0,1.0,True,away,Vancouver FC,55.0,55.0,1.0,True
2024_2024-07-27_Forge_vs_HFX_Wanderers,2024,2024-07-27T23:00:00Z,Forge,Wanderers,0.0005999999999986017,0.0005999999999986017,0.0005999999999986017,55.0006,55.0,True,home,Wanderers,55.0006,55.0006,1.0,True,away,Forge,55.0,55.0,1.0,True
2024_2024-07-28_Pacific_vs_Valour,2024,2024-07-28T21:00:00Z,Pacific,Valour,772.8279000000002,772.8279000000002,772.8279000000002,16575.6973,15802.8694,True,home,Valour,16575.6973,16575.6973,1.0,True,away,Pacific,15802.8694,15802.8694,1.0,True
2024_2024-08-03_Pacific_vs_York_United,2024,2024-08-03T02:00:00Z,Pacific,York,-0.0005999999999986017,-0.0005999999999986017,-0.0005999999999986017,54.9994,55.0,True,home,York,54.9994,54.9994,1.0,True,away,Pacific,55.0,55.0,1.0,True
2024_2024-08-03_Atlético_Ottawa_vs_Cavalry,2024,2024-08-03T23:00:00Z,Atlético,Cavalry,0.0,0.0,0.0,55.0,55.0,True,home,Cavalry,55.0,55.0,1.0,True,away,Atlético,55.0,55.0,1.0,True
2024_2024-08-04_Valour_vs_Forge,2024,2024-08-04T19:00:00Z,Valour,Forge,-1078.4122000000007,-1078.4122000000007,-1078.4122000000007,15949.6334,17028.0456,True,home,Forge,15949.6334,15949.6334,1.0,True,away,Valour,17028.0456,17028.0456,1.0,True
2024_2024-08-05_HFX_Wanderers_vs_Vancouver_FC,2024,2024-08-05T19:00:00Z,Wanderers,Vancouver FC,0.0,0.0,0.0,55.0,55.0,True,home,Vancouver FC,55.0,55.0,1.0,True,away,Wanderers,55.0,55.0,1.0,True
2024_2024-08-10_Cavalry_vs_HFX_Wanderers,2024,2024-08-10T20:00:00Z,Cavalry,Wanderers,0.0,0.0,0.0,55.0,55.0,True,home,Wanderers,55.0,55.0,1.0,True,away,Cavalry,55.0,55.0,1.0,True
2024_2024-08-10_Forge_vs_Atlético_Ottawa,2024,2024-08-10T23:00:00Z,Forge,Atlético,0.0005999999999986017,0.0005999999999986017,0.0005999999999986017,55.0006,55.0,True,home,Atlético,55.0006,55.0006,1.0,True,away,Forge,55.0,55.0,1.0,True
2024_2024-08-11_Vancouver_FC_vs_Pacific,2024,2024-08-11T21:15:00Z,Vancouver FC,Pacific,0.0005999999999986017,0.0005999999999986017,0.0005999999999986017,55.0,54.9994,True,home,Pacific,55.0,55.0,1.0,True,away,Vancouver FC,54.9994,54.9994,1.0,True
2024_2024-08-12_Valour_vs_York_United,2024,2024-08-12T00:00:00Z,Valour,York,0.0,0.0,0.0,55.0,55.0,True,home,York,55.0,55.0,1.0,True,away,Valour,55.0,55.0,1.0,True
2024_2024-08-14_Forge_vs_HFX_Wanderers,2024,2024-08-14T23:00:00Z,Forge,Wanderers,0.0005999999999986017,0.0005999999999986017,0.0005999999999986017,55.0006,55.0,True,home,Wanderers,55.0006,55.0006,1.0,True,away,Forge,55.0,55.0,1.0,True
2024_2024-08-17_York_United_vs_Cavalry,2024,2024-08-17T00:00:00Z,York,Cavalry,0.0,0.0,0.0,55.0,55.0,True,home,Cavalry,55.0,55.0,1.0,True,away,York,55.0,55.0,1.0,True
2024_2024-08-17_Pacific_vs_Atlético_Ottawa,2024,2024-08-17T22:00:00Z,Pacific,Atlético,-0.0005999999999986017,-0.0005999999999986017,-0.0005999999999986017,54.9994,55.0,True,home,Atlético,54.9994,54.9994,1.0,True,away,Pacific,55.0,55.0,1.0,True
2024_2024-08-18_Valour_vs_HFX_Wanderers,2024,2024-08-18T00:30:00Z,Valour,Wanderers,0.0,0.0,0.0,55.0,55.0,True,home,Wanderers,55.0,55.0,1.0,True,away,Valour,55.0,55.0,1.0,True
2024_2024-08-18_Vancouver_FC_vs_Forge,2024,2024-08-18T23:00:00Z,Vancouver FC,Forge,-0.0005999999999986017,-0.0005999999999986017,-0.0005999999999986017,55.0,55.0006,True,home,Forge,55.0,55.0,1.0,True,away,Vancouver FC,55.0006,55.0006,1.0,True
2024_2024-08-24_York_United_vs_Forge,2024,2024-08-24T00:00:00Z,York,Forge,-0.0005999999999986017,-0.0005999999999986017,-0.0005999999999986017,55.0,55.0006,True,home,Forge,55.0,55.0,1.0,True,away,York,55.0006,55.0006,1.0,True
2024_2024-08-24_HFX_Wanderers_vs_Atlético_Ottawa,2024,2024-08-24T18:00:00Z,Wanderers,Atlético,0.0,0.0,0.0,55.0,55.0,True,home,Atlético,55.0,55.0,1.0,True,away,Wanderers,55.0,55.0,1.0,True
2024_2024-08-24_Cavalry_vs_Pacific,2024,2024-08-24T21:00:00Z,Cavalry,Pacific,449.28299999999945,449.28299999999945,449.28299999999945,16878.2178,16428.9348,True,home,Pacific,16878.2178,16878.2178,1.0,True,away,Cavalry,16428.9348,16428.9348,1.0,True
2024_2024-08-25_Valour_vs_Vancouver_FC,2024,2024-08-25T19:00:00Z,Valour,Vancouver FC,0.0,0.0,0.0,55.0,55.0,True,home,Vancouver FC,55.0,55.0,1.0,True,away,Valour,55.0,55.0,1.0,True
2024_2024-08-30_Forge_vs_Pacific,2024,2024-08-30T23:00:00Z,Forge,Pacific,556.1049000000003,556.1049000000003,556.1049000000003,16903.0161,16346.9112,True,home,Pacific,16903.0161,16903.0161,1.0,True,away,Forge,16346.9112,16346.9112,1.0,True
2024_2024-08-31_Cavalry_vs_Valour,2024,2024-08-31T01:30:00Z,Cavalry,Valour,885.5806000000011,885.5806000000011,885.5806000000011,16960.2422,16074.6616,True,home,Valour,16960.2422,16960.2422,1.0,True,away,Cavalry,16074.6616,16074.6616,1.0,True
2024_2024-08-31_Atlético_Ottawa_vs_Vancouver_FC,2024,2024-08-31T23:00:00Z,Atlético,Vancouver FC,0.0,0.0,0.0,55.0,55.0,True,home,Vancouver FC,55.0,55.0,1.0,True,away,Atlético,55.0,55.0,1.0,True
2024_2024-09-02_HFX_Wanderers_vs_York_United,2024,2024-09-02T19:00:00Z,Wanderers,York,0.0,0.0,0.0,55.0,55.0,True,home,York,55.0,55.0,1.0,True,away,Wanderers,55.0,55.0,1.0,True
2024_2024-09-07_Vancouver_FC_vs_York_United,2024,2024-09-07T02:00:00Z,Vancouver FC,York,0.0,0.0,0.0,55.0,55.0,True,home,York,55.0,55.0,1.0,True,away,Vancouver FC,55.0,55.0,1.0,True
2024_2024-09-07_Forge_vs_Cavalry,2024,2024-09-07T23:00:00Z,Forge,Cavalry,61.503499999998894,61.503499999998894,61.503499999998894,16982.266,16920.7625,True,home,Cavalry,16982.266,16982.266,1.0,True,away,Forge,16920.7625,16920.7625,1.0,True
2024_2024-09-08_Pacific_vs_HFX_Wanderers,2024,2024-09-08T02:00:00Z,Pacific,Wanderers,-0.0005999999999986017,-0.0005999999999986017,-0.0005999999999986017,54.9994,55.0,True,home,Wanderers,54.9994,54.9994,1.0,True,away,Pacific,55.0,55.0,1.0,True
2024_2024-09-10_Valour_vs_Atlético_Ottawa,2024,2024-09-10T00:00:00Z,Valour,Atlético,0.0,0.0,0.0,55.0,55.0,True,home,Atlético,55.0,55.0,1.0,True,away,Valour,55.0,55.0,1.0,True
2024_2024-09-14_York_United_vs_Valour,2024,2024-09-14T00:00:00Z,York,Valour,0.0,0.0,0.0,55.0,55.0,True,home,Valour,55.0,55.0,1.0,True,away,York,55.0,55.0,1.0,True
2024_2024-09-14_HFX_Wanderers_vs_Forge,2024,2024-09-14T18:00:00Z,Wanderers,Forge,-0.0005999999999986017,-0.0005999999999986017,-0.0005999999999986017,55.0,55.0006,True,home,Forge,55.0,55.0,1.0,True,away,Wanderers,55.0006,55.0006,1.0,True
2024_2024-09-14_Pacific_vs_Vancouver_FC,2024,2024-09-14T21:00:00Z,Pacific,Vancouver FC,-0.0005999999999986017,-0.0005999999999986017,-0.0005999999999986017,54.9994,55.0,True,home,Vancouver FC,54.9994,54.9994,1.0,True,away,Pacific,55.0,55.0,1.0,True
2024_2024-09-15_Cavalry_vs_Atlético_Ottawa,2024,2024-09-15T21:00:00Z,Cavalry,Atlético,0.0,0.0,0.0,55.0,55.0,True,home,Atlético,55.0,55.0,1.0,True,away,Cavalry,55.0,55.0,1.0,True
2024_2024-09-18_HFX_Wanderers_vs_Pacific,2024,2024-09-18T22:00:00Z,Wanderers,Pacific,0.0005999999999986017,0.0005999999999986017,0.0005999999999986017,55.0,54.9994,True,home,Pacific,55.0,55.0,1.0,True,away,Wanderers,54.9994,54.9994,1.0,True
2024_2024-09-21_York_United_vs_Cavalry,2024,2024-09-21T00:00:00Z,York,Cavalry,0.0,0.0,0.0,55.0,55.0,True,home,Cavalry,55.0,55.0,1.0,True,away,York,55.0,55.0,1.0,True
2024_2024-09-21_Valour_vs_HFX_Wanderers,2024,2024-09-21T19:00:00Z,Valour,Wanderers,0.0,0.0,0.0,55.0,55.0,True,home,Wanderers,55.0,55.0,1.0,True,away,Valour,55.0,55.0,1.0,True
2024_2024-09-21_Vancouver_FC_vs_Forge,2024,2024-09-21T22:00:00Z,Vancouver FC,Forge,-0.0005999999999986017,-0.0005999999999986017,-0.0005999999999986017,55.0,55.0006,True,home,Forge,55.0,55.0,1.0,True,away,Vancouver FC,55.0006,55.0006,1.0,True
2024_2024-09-22_Atlético_Ottawa_vs_Pacific,2024,2024-09-22T18:00:00Z,Atlético,Pacific,0.0005999999999986017,0.0005999999999986017,0.0005999999999986017,55.0,54.9994,True,home,Pacific,55.0,55.0,1.0,True,away,Atlético,54.9994,54.9994,1.0,True
2024_2024-09-28_Forge_vs_York_United,2024,2024-09-28T20:00:00Z,Forge,York,0.0005999999999986017,0.0005999999999986017,0.0005999999999986017,55.0006,55.0,True,home,York,55.0006,55.0006,1.0,True,away,Forge,55.0,55.0,1.0,True
2024_2024-09-28_Cavalry_vs_Vancouver_FC,2024,2024-09-28T23:00:00Z,Cavalry,Vancouver FC,0.0,0.0,0.0,55.0,55.0,True,home,Vancouver FC,55.0,55.0,1.0,True,away,Cavalry,55.0,55.0,1.0,True
2024_2024-09-29_Atlético_Ottawa_vs_HFX_Wanderers,2024,2024-09-29T18:00:00Z,Atlético,Wanderers,0.0,0.0,0.0,55.0,55.0,True,home,Wanderers,55.0,55.0,1.0,True,away,Atlético,55.0,55.0,1.0,True
2024_2024-10-01_Valour_vs_Pacific,2024,2024-10-01T00:00:00Z,Valour,Pacific,-153.52150000000074,-153.52150000000074,-153.52150000000074,16114.1413,16267.6628,True,home,Pacific,16114.1413,16114.1413,1.0,True,away,Valour,16267.6628,16267.6628,1.0,True
2024_2024-10-05_HFX_Wanderers_vs_Vancouver_FC,2024,2024-10-05T18:00:00Z,Wanderers,Vancouver FC,0.0,0.0,0.0,55.0,55.0,True,home,Vancouver FC,55.0,55.0,1.0,True,away,Wanderers,55.0,55.0,1.0,True
2024_2024-10-05_Pacific_vs_Cavalry,2024,2024-10-05T21:00:00Z,Pacific,Cavalry,-659.2524999999987,-659.2524999999987,-659.2524999999987,16168.8779,16828.1304,True,home,Cavalry,16168.8779,16168.8779,1.0,True,away,Pacific,16828.1304,16828.1304,1.0,True
2024_2024-10-06_Valour_vs_Forge,2024,2024-10-06T18:00:00Z,Valour,Forge,-861.9717999999993,-861.9717999999993,-861.9717999999993,16212.9273,17074.8991,True,home,Forge,16212.9273,16212.9273,1.0,True,away,Valour,17074.8991,17074.8991,1.0,True
2024_2024-10-06_York_United_vs_Atlético_Ottawa,2024,2024-10-06T21:00:00Z,York,Atlético,0.0,0.0,0.0,55.0,55.0,True,home,Atlético,55.0,55.0,1.0,True,away,York,55.0,55.0,1.0,True
2024_2024-10-11_York_United_vs_Pacific,2024,2024-10-11T00:00:00Z,York,Pacific,0.0005999999999986017,0.0005999999999986017,0.0005999999999986017,55.0,54.9994,True,home,Pacific,55.0,55.0,1.0,True,away,York,54.9994,54.9994,1.0,True
2024_2024-10-12_Forge_vs_Atlético_Ottawa,2024,2024-10-12T20:00:00Z,Forge,Atlético,0.0005999999999986017,0.0005999999999986017,0.0005999999999986017,55.0006,55.0,True,home,Atlético,55.0006,55.0006,1.0,True,away,Forge,55.0,55.0,1.0,True
2024_2024-10-12_Cavalry_vs_HFX_Wanderers,2024,2024-10-12T23:00:00Z,Cavalry,Wanderers,0.0,0.0,0.0,55.0,55.0,True,home,Wanderers,55.0,55.0,1.0,True,away,Cavalry,55.0,55.0,1.0,True
2024_2024-10-13_Vancouver_FC_vs_Valour,2024,2024-10-13T21:00:00Z,Vancouver FC,Valour,0.0,0.0,0.0,55.0,55.0,True,home,Valour,55.0,55.0,1.0,True,away,Vancouver FC,55.0,55.0,1.0,True
2024_2024-10-19_Atlético_Ottawa_vs_Vancouver_FC,2024,2024-10-19T20:00:00Z,Atlético,Vancouver FC,0.0,0.0,0.0,55.0,55.0,True,home,Vancouver FC,55.0,55.0,1.0,True,away,Atlético,55.0,55.0,1.0,True
2024_2024-10-19_HFX_Wanderers_vs_York_United,2024,2024-10-19T20:00:00Z,Wanderers,York,0.0,0.0,0.0,55.0,55.0,True,home,York,55.0,55.0,1.0,True,away,Wanderers,55.0,55.0,1.0,True
2024_2024-10-19_Pacific_vs_Forge,2024,2024-10-19T20:00:00Z,Pacific,Forge,-1114.161900000001,-1114.161900000001,-1114.161900000001,16061.8644,17176.0263,True,home,Forge,16061.8644,16061.8644,1.0,True,away,Pacific,17176.0263,17176.0263,1.0,True
2024_2024-10-19_Valour_vs_Cavalry,2024,2024-10-19T20:00:00Z,Valour,Cavalry,-823.3438999999998,-823.3438999999998,-823.3438999999998,16111.8011,16935.145,True,home,Cavalry,16111.8011,16111.8011,1.0,True,away,Valour,16935.145,16935.145,1.0,True
2024_2024-10-23_York_United_vs_Pacific,2024,2024-10-23T23:30:00Z,York,Pacific,0.0005999999999986017,0.0005999999999986017,0.0005999999999986017,55.0,54.9994,True,home,Pacific,55.0,55.0,1.0,True,away,York,54.9994,54.9994,1.0,True
2024_2024-10-27_Atlético_Ottawa_vs_York_United,2024,2024-10-27T17:00:00Z,Atlético,York,0.0,0.0,0.0,55.0,55.0,True,home,York,55.0,55.0,1.0,True,away,Atlético,55.0,55.0,1.0,True
2024_2024-10-27_Forge_vs_Cavalry,2024,2024-10-27T20:15:00Z,Forge,Cavalry,12.852500000000873,12.852500000000873,12.852500000000873,17050.1434,17037.2909,True,home,Cavalry,17050.1434,17050.1434,1.0,True,away,Forge,17037.2909,17037.2909,1.0,True
2024_2024-11-02_Forge_vs_Atlético_Ottawa,2024,2024-11-02T20:00:00Z,Forge,Atlético,0.0005999999999986017,0.0005999999999986017,0.0005999999999986017,55.0006,55.0,True,home,Atlético,55.0006,55.0006,1.0,True,away,Forge,55.0,55.0,1.0,True
2024_2024-11-09_Cavalry_vs_Forge,2024,2024-11-09T20:00:00Z,Cavalry,Forge,239.14830000000075,239.14830000000075,239.14830000000075,17163.2907,16924.1424,True,home,Forge,17163.2907,17163.2907,1.0,True,away,Cavalry,16924.1424,16924.1424,1.0,True
2025_2025-04-05_Atlético_Ottawa_vs_HFX_Wanderers,2025,2025-04-05T18:00:00Z,Atlético,Wanderers,0.0,0.0,0.0,55.0,55.0,True,home,Wanderers,55.0,55.0,1.0,True,away,Atlético,55.0,55.0,1.0,True
2025_2025-04-05_Forge_vs_Cavalry,2025,2025-04-05T21:30:00Z,Forge,Cavalry,-142.9373999999989,-142.9373999999989,-142.9373999999989,16826.5589,16969.4963,True,home,Cavalry,16826.5589,16826.5589,1.0,True,away,Forge,16969.4963,16969.4963,1.0,True
2025_2025-04-06_Pacific_vs_Valour,2025,2025-04-06T00:00:00Z,Pacific,Valour,61.77859999999964,61.77859999999964,61.77859999999964,16349.6346,16287.856,True,home,Valour,16349.6346,16349.6346,1.0,True,away,Pacific,16287.856,16287.856,1.0,True
2025_2025-04-06_Vancouver_FC_vs_York_United,2025,2025-04-06T23:00:00Z,Vancouver FC,York,-0.0005999999999986017,-0.0005999999999986017,-0.0005999999999986017,55.0,55.0006,True,home,York,55.0,55.0,1.0,True,away,Vancouver FC,55.0006,55.0006,1.0,True
2025_2025-04-12_Pacific_vs_Forge,2025,2025-04-12T21:00:00Z,Pacific,Forge,-483.424500000001,-483.424500000001,-483.424500000001,16441.4623,16924.8868,True,home,Forge,16441.4623,16441.4623,1.0,True,away,Pacific,16924.8868,16924.8868,1.0,True
2025_2025-04-13_York_United_vs_HFX_Wanderers,2025,2025-04-13T19:00:00Z,York,Wanderers,0.0005999999999986017,0.0005999999999986017,0.0005999999999986017,55.0006,55.0,True,home,Wanderers,55.0006,55.0006,1.0,True,away,York,55.0,55.0,1.0,True
2025_2025-04-13_Vancouver_FC_vs_Atlético_Ottawa,2025,2025-04-13T22:00:00Z,Vancouver FC,Atlético,0.0,0.0,0.0,55.0,55.0,True,home,Atlético,55.0,55.0,1.0,True,away,Vancouver FC,55.0,55.0,1.0,True
2025_2025-04-18_Cavalry_vs_Vancouver_FC,2025,2025-04-18T23:00:00Z,Cavalry,Vancouver FC,0.0,0.0,0.0,55.0,55.0,True,home,Vancouver FC,55.0,55.0,1.0,True,away,Cavalry,55.0,55.0,1.0,True
2025_2025-04-19_Atlético_Ottawa_vs_York_United,2025,2025-04-19T17:00:00Z,Atlético,York,-0.0005999999999986017,-0.0005999999999986017,-0.0005999999999986017,55.0,55.0006,True,home,York,55.0,55.0,1.0,True,away,Atlético,55.0006,55.0006,1.0,True
2025_2025-04-19_HFX_Wanderers_vs_Pacific,2025,2025-04-19T19:30:00Z,Wanderers,Pacific,0.0,0.0,0.0,55.0,55.0,True,home,Pacific,55.0,55.0,1.0,True,away,Wanderers,55.0,55.0,1.0,True
2025_2025-04-19_Forge_vs_Valour,2025,2025-04-19T22:00:00Z,Forge,Valour,840.7531999999992,840.7531999999992,840.7531999999992,17036.7824,16196.0292,True,home,Valour,17036.7824,17036.7824,1.0,True,away,Forge,16196.0292,16196.0292,1.0,True
2025_2025-04-26_Valour_vs_HFX_Wanderers,2025,2025-04-26T00:00:00Z,Valour,Wanderers,-0.0005999999999986017,-0.0005999999999986017,-0.0005999999999986017,54.9994,55.0,True,home,Wanderers,54.9994,54.9994,1.0,True,away,Valour,55.0,55.0,1.0,True
2025_2025-04-26_Cavalry_vs_Atlético_Ottawa,2025,2025-04-26T21:00:00Z,Cavalry,Atlético,0.0,0.0,0.0,55.0,55.0,True,home,Atlético,55.0,55.0,1.0,True,away,Cavalry,55.0,55.0,1.0,True
2025_2025-04-27_Vancouver_FC_vs_Pacific,2025,2025-04-27T00:00:00Z,Vancouver FC,Pacific,0.0,0.0,0.0,55.0,55.0,True,home,Pacific,55.0,55.0,1.0,True,away,Vancouver FC,55.0,55.0,1.0,True
2025_2025-04-27_York_United_vs_Forge,2025,2025-04-27T18:00:00Z,York,Forge,0.0005999999999986017,0.0005999999999986017,0.0005999999999986017,55.0006,55.0,True,home,Forge,55.0006,55.0006,1.0,True,away,York,55.0,55.0,1.0,True
2025_2025-05-03_York_United_vs_Cavalry,2025,2025-05-03T00:00:00Z,York,Cavalry,0.0005999999999986017,0.0005999999999986017,0.0005999999999986017,55.0006,55.0,True,home,Cavalry,55.0006,55.0006,1.0,True,away,York,55.0,55.0,1.0,True
2025_2025-05-03_Atlético_Ottawa_vs_Pacific,2025,2025-05-03T17:00:00Z,Atlético,Pacific,0.0,0.0,0.0,55.0,55.0,True,home,Pacific,55.0,55.0,1.0,True,away,Atlético,55.0,55.0,1.0,True
2025_2025-05-03_HFX_Wanderers_vs_Forge,2025,2025-05-03T20:00:00Z,Wanderers,Forge,0.0,0.0,0.0,55.0,55.0,True,home,Forge,55.0,55.0,1.0,True,away,Wanderers,55.0,55.0,1.0,True
2025_2025-05-03_Valour_vs_Vancouver_FC,2025,2025-05-03T23:00:00Z,Valour,Vancouver FC,-0.0005999999999986017,-0.0005999999999986017,-0.0005999999999986017,54.9994,55.0,True,home,Vancouver FC,54.9994,54.9994,1.0,True,away,Valour,55.0,55.0,1.0,True
2025_2025-05-10_Atlético_Ottawa_vs_Valour,2025,2025-05-10T18:00:00Z,Atlético,Valour,0.0005999999999986017,0.0005999999999986017,0.0005999999999986017,55.0,54.9994,True,home,Valour,55.0,55.0,1.0,True,away,Atlético,54.9994,54.9994,1.0,True
2025_2025-05-10_HFX_Wanderers_vs_Cavalry,2025,2025-05-10T21:30:00Z,Wanderers,Cavalry,0.0,0.0,0.0,55.0,55.0,True,home,Cavalry,55.0,55.0,1.0,True,away,Wanderers,55.0,55.0,1.0,True
2025_2025-05-11_Pacific_vs_York_United,2025,2025-05-11T00:00:00Z,Pacific,York,-0.0005999999999986017,-0.0005999999999986017,-0.0005999999999986017,55.0,55.0006,True,home,York,55.0,55.0,1.0,True,away,Pacific,55.0006,55.0006,1.0,True
2025_2025-05-13_Forge_vs_Atlético_Ottawa,2025,2025-05-13T15:00:00Z,Forge,Atlético,0.0,0.0,0.0,55.0,55.0,True,home,Atlético,55.0,55.0,1.0,True,away,Forge,55.0,55.0,1.0,True
2025_2025-05-17_Valour_vs_York_United,2025,2025-05-17T00:00:00Z,Valour,York,-0.0011999999999972033,-0.0011999999999972033,-0.0011999999999972033,54.9994,55.0006,True,home,York,54.9994,54.9994,1.0,True,away,Valour,55.0006,55.0006,1.0,True
2025_2025-05-17_Cavalry_vs_Pacific,2025,2025-05-17T21:30:00Z,Cavalry,Pacific,541.6016999999993,541.6016999999993,541.6016999999993,16871.1684,16329.5667,True,home,Pacific,16871.1684,16871.1684,1.0,True,away,Cavalry,16329.5667,16329.5667,1.0,True
2025_2025-05-18_Vancouver_FC_vs_HFX_Wanderers,2025,2025-05-18T00:00:00Z,Vancouver FC,Wanderers,0.0,0.0,0.0,55.0,55.0,True,home,Wanderers,55.0,55.0,1.0,True,away,Vancouver FC,55.0,55.0,1.0,True
2025_2025-05-24_HFX_Wanderers_vs_Atlético_Ottawa,2025,2025-05-24T18:00:00Z,Wanderers,Atlético,0.0,0.0,0.0,55.0,55.0,True,home,Atlético,55.0,55.0,1.0,True,away,Wanderers,55.0,55.0,1.0,True
2025_2025-05-24_Pacific_vs_Forge,2025,2025-05-24T21:00:00Z,Pacific,Forge,-747.595299999999,-747.595299999999,-747.595299999999,16250.1769,16997.7722,True,home,Forge,16250.1769,16250.1769,1.0,True,away,Pacific,16997.7722,16997.7722,1.0,True
2025_2025-05-25_York_United_vs_Vancouver_FC,2025,2025-05-25T18:00:00Z,York,Vancouver FC,0.0005999999999986017,0.0005999999999986017,0.0005999999999986017,55.0006,55.0,True,home,Vancouver FC,55.0006,55.0006,1.0,True,away,York,55.0,55.0,1.0,True
2025_2025-05-25_Cavalry_vs_Valour,2025,2025-05-25T21:00:00Z,Cavalry,Valour,715.5191999999988,715.5191999999988,715.5191999999988,16950.5582,16235.039,True,home,Valour,16950.5582,16950.5582,1.0,True,away,Cavalry,16235.039,16235.039,1.0,True
2025_2025-05-31_Vancouver_FC_vs_Atlético_Ottawa,2025,2025-05-31T02:00:00Z,Vancouver FC,Atlético,0.0,0.0,0.0,55.0,55.0,True,home,Atlético,55.0,55.0,1.0,True,away,Vancouver FC,55.0,55.0,1.0,True
2025_2025-05-31_Forge_vs_Cavalry,2025,2025-05-31T21:00:00Z,Forge,Cavalry,77.33469999999943,77.33469999999943,77.33469999999943,17102.0697,17024.735,True,home,Cavalry,17102.0697,17102.0697,1.0,True,away,Forge,17024.735,17024.735,1.0,True
2025_2025-05-31_York_United_vs_HFX_Wanderers,2025,2025-05-31T23:00:00Z,York,Wanderers,0.0005999999999986017,0.0005999999999986017,0.0005999999999986017,55.0006,55.0,True,home,Wanderers,55.0006,55.0006,1.0,True,away,York,55.0,55.0,1.0,True
2025_2025-06-01_Valour_vs_Pacific,2025,2025-06-01T22:00:00Z,Valour,Pacific,14.98359999999957,14.98359999999957,14.98359999999957,16160.863,16145.8794,True,home,Pacific,16160.863,16160.863,1.0,True,away,Valour,16145.8794,16145.8794,1.0,True
2025_2025-06-04_Valour_vs_Vancouver_FC,2025,2025-06-04T16:25:00Z,Valour,Vancouver FC,-0.0005999999999986017,-0.0005999999999986017,-0.0005999999999986017,54.9994,55.0,True,home,Vancouver FC,54.9994,54.9994,1.0,True,away,Valour,55.0,55.0,1.0,True
2025_2025-06-07_Pacific_vs_Atlético_Ottawa,2025,2025-06-07T22:00:00Z,Pacific,Atlético,0.0,0.0,0.0,55.0,55.0,True,home,Atlético,55.0,55.0,1.0,True,away,Pacific,55.0,55.0,1.0,True
2025_2025-06-08_Forge_vs_HFX_Wanderers,2025,2025-06-08T19:30:00Z,Forge,Wanderers,0.0,0.0,0.0,55.0,55.0,True,home,Wanderers,55.0,55.0,1.0,True,away,Forge,55.0,55.0,1.0,True
2025_2025-06-08_Cavalry_vs_York_United,2025,2025-06-08T22:00:00Z,Cavalry,York,-0.0005999999999986017,-0.0005999999999986017,-0.0005999999999986017,55.0,55.0006,True,home,York,55.0,55.0,1.0,True,away,Cavalry,55.0006,55.0006,1.0,True
2025_2025-06-14_HFX_Wanderers_vs_Cavalry,2025,2025-06-14T19:00:00Z,Wanderers,Cavalry,0.0,0.0,0.0,55.0,55.0,True,home,Cavalry,55.0,55.0,1.0,True,away,Wanderers,55.0,55.0,1.0,True
2025_2025-06-14_Pacific_vs_York_United,2025,2025-06-14T22:00:00Z,Pacific,York,-0.0005999999999986017,-0.0005999999999986017,-0.0005999999999986017,55.0,55.0006,True,home,York,55.0,55.0,1.0,True,away,Pacific,55.0006,55.0006,1.0,True
2025_2025-06-15_Vancouver_FC_vs_Forge,2025,2025-06-15T20:00:00Z,Vancouver FC,Forge,0.0,0.0,0.0,55.0,55.0,True,home,Forge,55.0,55.0,1.0,True,away,Vancouver FC,55.0,55.0,1.0,True
2025_2025-06-15_Atlético_Ottawa_vs_Valour,2025,2025-06-15T23:00:00Z,Atlético,Valour,0.0005999999999986017,0.0005999999999986017,0.0005999999999986017,55.0,54.9994,True,home,Valour,55.0,55.0,1.0,True,away,Atlético,54.9994,54.9994,1.0,True
2025_2025-06-21_HFX_Wanderers_vs_Vancouver_FC,2025,2025-06-21T18:00:00Z,Wanderers,Vancouver FC,0.0,0.0,0.0,55.0,55.0,True,home,Vancouver FC,55.0,55.0,1.0,True,away,Wanderers,55.0,55.0,1.0,True
2025_2025-06-22_York_United_vs_Atlético_Ottawa,2025,2025-06-22T17:00:00Z,York,Atlético,0.0005999999999986017,0.0005999999999986017,0.0005999999999986017,55.0006,55.0,True,home,Atlético,55.0006,55.0006,1.0,True,away,York,55.0,55.0,1.0,True
2025_2025-06-22_Valour_vs_Forge,2025,2025-06-22T21:13:00Z,Valour,Forge,-938.7380999999987,-938.7380999999987,-938.7380999999987,16145.4359,17084.174,True,home,Forge,16145.4359,16145.4359,1.0,True,away,Valour,17084.174,17084.174,1.0,True
2025_2025-06-22_Cavalry_vs_Pacific,2025,2025-06-22T23:00:00Z,Cavalry,Pacific,881.3241000000016,881.3241000000016,881.3241000000016,17042.6307,16161.3066,True,home,Pacific,17042.6307,17042.6307,1.0,True,away,Cavalry,16161.3066,16161.3066,1.0,True
2025_2025-06-28_Pacific_vs_Vancouver_FC,2025,2025-06-28T02:00:00Z,Pacific,Vancouver FC,0.0,0.0,0.0,55.0,55.0,True,home,Vancouver FC,55.0,55.0,1.0,True,away,Pacific,55.0,55.0,1.0,True
2025_2025-06-28_Cavalry_vs_Atlético_Ottawa,2025,2025-06-28T22:00:00Z,Cavalry,Atlético,0.0,0.0,0.0,55.0,55.0,True,home,Atlético,55.0,55.0,1.0,True,away,Cavalry,55.0,55.0,1.0,True
2025_2025-06-29_Forge_vs_York_United,2025,2025-06-29T20:00:00Z,Forge,York,-0.0005999999999986017,-0.0005999999999986017,-0.0005999999999986017,55.0,55.0006,True,home,York,55.0,55.0,1.0,True,away,Forge,55.0006,55.0006,1.0,True
2025_2025-07-01_HFX_Wanderers_vs_Valour,2025,2025-07-01T19:00:00Z,Wanderers,Valour,0.0005999999999986017,0.0005999999999986017,0.0005999999999986017,55.0,54.9994,True,home,Valour,55.0,55.0,1.0,True,away,Wanderers,54.9994,54.9994,1.0,True
2025_2025-07-05_Forge_vs_Vancouver_FC,2025,2025-07-05T21:00:00Z,Forge,Vancouver FC,0.0,0.0,0.0,55.0,55.0,True,home,Vancouver FC,55.0,55.0,1.0,True,away,Forge,55.0,55.0,1.0,True
2025_2025-07-12_Atlético_Ottawa_vs_Forge,2025,2025-07-12T19:00:00Z,Atlético,Forge,0.0,0.0,0.0,55.0,55.0,True,home,Forge,55.0,55.0,1.0,True,away,Atlético,55.0,55.0,1.0,True
2025_2025-07-12_Pacific_vs_HFX_Wanderers,2025,2025-07-12T22:00:00Z,Pacific,Wanderers,0.0,0.0,0.0,55.0,55.0,True,home,Wanderers,55.0,55.0,1.0,True,away,Pacific,55.0,55.0,1.0,True
2025_2025-07-13_York_United_vs_Valour,2025,2025-07-13T22:00:00Z,York,Valour,0.0011999999999972033,0.0011999999999972033,0.0011999999999972033,55.0006,54.9994,True,home,Valour,55.0006,55.0006,1.0,True,away,York,54.9994,54.9994,1.0,True
2025_2025-07-14_Vancouver_FC_vs_Cavalry,2025,2025-07-14T01:00:00Z,Vancouver FC,Cavalry,0.0,0.0,0.0,55.0,55.0,True,home,Cavalry,55.0,55.0,1.0,True,away,Vancouver FC,55.0,55.0,1.0,True
2025_2025-07-18_Atlético_Ottawa_vs_HFX_Wanderers,2025,2025-07-18T23:00:00Z,Atlético,Wanderers,0.0,0.0,0.0,55.0,55.0,True,home,Wanderers,55.0,55.0,1.0,True,away,Atlético,55.0,55.0,1.0,True
2025_2025-07-18_Forge_vs_Pacific,2025,2025-07-18T23:00:00Z,Forge,Pacific,1091.5823000000019,1091.5823000000019,1091.5823000000019,17182.2796,16090.6973,True,home,Pacific,17182.2796,17182.2796,1.0,True,away,Forge,16090.6973,16090.6973,1.0,True
2025_2025-07-19_York_United_vs_Vancouver_FC,2025,2025-07-19T20:00:00Z,York,Vancouver FC,0.0005999999999986017,0.0005999999999986017,0.0005999999999986017,55.0006,55.0,True,home,Vancouver FC,55.0006,55.0006,1.0,True,away,York,55.0,55.0,1.0,True
2025_2025-07-20_Valour_vs_Cavalry,2025,2025-07-20T19:00:00Z,Valour,Cavalry,-1065.9087000000018,-1065.9087000000018,-1065.9087000000018,16047.3313,17113.24,True,home,Cavalry,16047.3313,16047.3313,1.0,True,away,Valour,17113.24,17113.24,1.0,True
2025_2025-07-25_HFX_Wanderers_vs_Forge,2025,2025-07-25T22:00:00Z,Wanderers,Forge,0.0,0.0,0.0,55.0,55.0,True,home,Forge,55.0,55.0,1.0,True,away,Wanderers,55.0,55.0,1.0,True
2025_2025-07-26_Vancouver_FC_vs_Valour,2025,2025-07-26T02:00:00Z,Vancouver FC,Valour,0.0005999999999986017,0.0005999999999986017,0.0005999999999986017,55.0,54.9994,True,home,Valour,55.0,55.0,1.0,True,away,Vancouver FC,54.9994,54.9994,1.0,True
2025_2025-07-26_Cavalry_vs_York_United,2025,2025-07-26T21:00:00Z,Cavalry,York,-0.0005999999999986017,-0.0005999999999986017,-0.0005999999999986017,55.0,55.0006,True,home,York,55.0,55.0,1.0,True,away,Cavalry,55.0006,55.0006,1.0,True
2025_2025-07-27_Pacific_vs_Atlético_Ottawa,2025,2025-07-27T00:00:00Z,Pacific,Atlético,0.0,0.0,0.0,55.0,55.0,True,home,Atlético,55.0,55.0,1.0,True,away,Pacific,55.0,55.0,1.0,True
2025_2025-07-30_Valour_vs_Cavalry,2025,2025-07-30T00:00:00Z,Valour,Cavalry,-1254.9125999999997,-1254.9125999999997,-1254.9125999999997,15952.8298,17207.7424,True,home,Cavalry,15952.8298,15952.8298,1.0,True,away,Valour,17207.7424,17207.7424,1.0,True
2025_2025-08-02_Forge_vs_Valour,2025,2025-08-02T23:00:00Z,Forge,Valour,1164.1031999999996,1164.1031999999996,1164.1031999999996,17247.7202,16083.617,True,home,Valour,17247.7202,17247.7202,1.0,True,away,Forge,16083.617,16083.617,1.0,True
2025_2025-08-03_Atlético_Ottawa_vs_York_United,2025,2025-08-03T20:00:00Z,Atlético,York,-0.0005999999999986017,-0.0005999999999986017,-0.0005999999999986017,55.0,55.0006,True,home,York,55.0,55.0,1.0,True,away,Atlético,55.0006,55.0006,1.0,True
2025_2025-08-04_HFX_Wanderers_vs_Vancouver_FC,2025,2025-08-04T19:00:00Z,Wanderers,Vancouver FC,0.0,0.0,0.0,55.0,55.0,True,home,Vancouver FC,55.0,55.0,1.0,True,away,Wanderers,55.0,55.0,1.0,True
2025_2025-08-04_Pacific_vs_Cavalry,2025,2025-08-04T22:00:00Z,Pacific,Cavalry,-1051.697400000001,-1051.697400000001,-1051.697400000001,16025.2566,17076.954,True,home,Cavalry,16025.2566,16025.2566,1.0,True,away,Pacific,17076.954,17076.954,1.0,True
2025_2025-08-09_York_United_vs_Forge,2025,2025-08-09T17:00:00Z,York,Forge,0.0005999999999986017,0.0005999999999986017,0.0005999999999986017,55.0006,55.0,True,home,Forge,55.0006,55.0006,1.0,True,away,York,55.0,55.0,1.0,True
2025_2025-08-09_Cavalry_vs_HFX_Wanderers,2025,2025-08-09T21:00:00Z,Cavalry,Wanderers,0.0,0.0,0.0,55.0,55.0,True,home,Wanderers,55.0,55.0,1.0,True,away,Cavalry,55.0,55.0,1.0,True
2025_2025-08-10_Valour_vs_Atlético_Ottawa,2025,2025-08-10T19:00:00Z,Valour,Atlético,-0.0005999999999986017,-0.0005999999999986017,-0.0005999999999986017,54.9994,55.0,True,home,Atlético,54.9994,54.9994,1.0,True,away,Valour,55.0,55.0,1.0,True
2025_2025-08-10_Vancouver_FC_vs_Pacific,2025,2025-08-10T22:00:00Z,Vancouver FC,Pacific,0.0,0.0,0.0,55.0,55.0,True,home,Pacific,55.0,55.0,1.0,True,away,Vancouver FC,55.0,55.0,1.0,True
2025_2025-08-16_Pacific_vs_HFX_Wanderers,2025,2025-08-16T22:00:00Z,Pacific,Wanderers,0.0,0.0,0.0,55.0,55.0,True,home,Wanderers,55.0,55.0,1.0,True,away,Pacific,55.0,55.0,1.0,True
2025_2025-08-17_Valour_vs_York_United,2025,2025-08-17T17:30:00Z,Valour,York,-0.0011999999999972033,-0.0011999999999972033,-0.0011999999999972033,54.9994,55.0006,True,home,York,54.9994,54.9994,1.0,True,away,Valour,55.0006,55.0006,1.0,True
2025_2025-08-17_Forge_vs_Atlético_Ottawa,2025,2025-08-17T20:00:00Z,Forge,Atlético,0.0,0.0,0.0,55.0,55.0,True,home,Atlético,55.0,55.0,1.0,True,away,Forge,55.0,55.0,1.0,True
2025_2025-08-17_Cavalry_vs_Vancouver_FC,2025,2025-08-17T23:00:00Z,Cavalry,Vancouver FC,0.0,0.0,0.0,55.0,55.0,True,home,Vancouver FC,55.0,55.0,1.0,True,away,Cavalry,55.0,55.0,1.0,True
2025_2025-08-22_HFX_Wanderers_vs_Valour,2025,2025-08-22T22:00:00Z,Wanderers,Valour,0.0005999999999986017,0.0005999999999986017,0.0005999999999986017,55.0,54.9994,True,home,Valour,55.0,55.0,1.0,True,away,Wanderers,54.9994,54.9994,1.0,True
2025_2025-08-23_Vancouver_FC_vs_Forge,2025,2025-08-23T02:00:00Z,Vancouver FC,Forge,0.0,0.0,0.0,55.0,55.0,True,home,Forge,55.0,55.0,1.0,True,away,Vancouver FC,55.0,55.0,1.0,True
2025_2025-08-23_Atlético_Ottawa_vs_Cavalry,2025,2025-08-23T23:00:00Z,Atlético,Cavalry,0.0,0.0,0.0,55.0,55.0,True,home,Cavalry,55.0,55.0,1.0,True,away,Atlético,55.0,55.0,1.0,True
2025_2025-08-24_York_United_vs_Pacific,2025,2025-08-24T20:00:00Z,York,Pacific,0.0005999999999986017,0.0005999999999986017,0.0005999999999986017,55.0006,55.0,True,home,Pacific,55.0006,55.0006,1.0,True,away,York,55.0,55.0,1.0,True
2025_2025-08-30_Cavalry_vs_Forge,2025,2025-08-30T20:00:00Z,Cavalry,Forge,-358.2525999999998,-358.2525999999998,-358.2525999999998,16952.5763,17310.8289,True,home,Forge,16952.5763,16952.5763,1.0,True,away,Cavalry,17310.8289,17310.8289,1.0,True
2025_2025-08-30_Atlético_Ottawa_vs_Vancouver_FC,2025,2025-08-30T23:00:00Z,Atlético,Vancouver FC,0.0,0.0,0.0,55.0,55.0,True,home,Vancouver FC,55.0,55.0,1.0,True,away,Atlético,55.0,55.0,1.0,True
2025_2025-08-31_Valour_vs_Pacific,2025,2025-08-31T19:00:00Z,Valour,Pacific,-129.125399999999,-129.125399999999,-129.125399999999,16020.5089,16149.6343,True,home,Pacific,16020.5089,16020.5089,1.0,True,away,Valour,16149.6343,16149.6343,1.0,True
2025_2025-09-01_HFX_Wanderers_vs_York_United,2025,2025-09-01T19:00:00Z,Wanderers,York,-0.0005999999999986017,-0.0005999999999986017,-0.0005999999999986017,55.0,55.0006,True,home,York,55.0,55.0,1.0,True,away,Wanderers,55.0006,55.0006,1.0,True
2025_2025-09-05_York_United_vs_Cavalry,2025,2025-09-05T23:30:00Z,York,Cavalry,0.0005999999999986017,0.0005999999999986017,0.0005999999999986017,55.0006,55.0,True,home,Cavalry,55.0006,55.0006,1.0,True,away,York,55.0,55.0,1.0,True
2025_2025-09-06_Vancouver_FC_vs_Valour,2025,2025-09-06T02:30:00Z,Vancouver FC,Valour,0.0005999999999986017,0.0005999999999986017,0.0005999999999986017,55.0,54.9994,True,home,Valour,55.0,55.0,1.0,True,away,Vancouver FC,54.9994,54.9994,1.0,True
2025_2025-09-06_Forge_vs_HFX_Wanderers,2025,2025-09-06T20:00:00Z,Forge,Wanderers,0.0,0.0,0.0,55.0,55.0,True,home,Wanderers,55.0,55.0,1.0,True,away,Forge,55.0,55.0,1.0,True
2025_2025-09-06_Atlético_Ottawa_vs_Pacific,2025,2025-09-06T23:00:00Z,Atlético,Pacific,0.0,0.0,0.0,55.0,55.0,True,home,Pacific,55.0,55.0,1.0,True,away,Atlético,55.0,55.0,1.0,True
2025_2025-09-12_Valour_vs_Forge,2025,2025-09-12T00:00:00Z,Valour,Forge,-1197.1754999999994,-1197.1754999999994,-1197.1754999999994,16009.1677,17206.3432,True,home,Forge,16009.1677,16009.1677,1.0,True,away,Valour,17206.3432,17206.3432,1.0,True
2025_2025-09-13_Cavalry_vs_HFX_Wanderers,2025,2025-09-13T20:00:00Z,Cavalry,Wanderers,0.0,0.0,0.0,55.0,55.0,True,home,Wanderers,55.0,55.0,1.0,True,away,Cavalry,55.0,55.0,1.0,True
2025_2025-09-13_Pacific_vs_Vancouver_FC,2025,2025-09-13T23:00:00Z,Pacific,Vancouver FC,0.0,0.0,0.0,55.0,55.0,True,home,Vancouver FC,55.0,55.0,1.0,True,away,Pacific,55.0,55.0,1.0,True
2025_2025-09-14_York_United_vs_Atlético_Ottawa,2025,2025-09-14T18:00:00Z,York,Atlético,0.0005999999999986017,0.0005999999999986017,0.0005999999999986017,55.0006,55.0,True,home,Atlético,55.0006,55.0006,1.0,True,away,York,55.0,55.0,1.0,True
2025_2025-09-20_HFX_Wanderers_vs_Pacific,2025,2025-09-20T19:00:00Z,Wanderers,Pacific,0.0,0.0,0.0,55.0,55.0,True,home,Pacific,55.0,55.0,1.0,True,away,Wanderers,55.0,55.0,1.0,True
2025_2025-09-20_Cavalry_vs_Valour,2025,2025-09-20T22:00:00Z,Cavalry,Valour,918.714100000001,918.714100000001,918.714100000001,17057.062,16138.3479,True,home,Valour,17057.062,17057.062,1.0,True,away,Cavalry,16138.3479,16138.3479,1.0,True
2025_2025-09-21_Atlético_Ottawa_vs_Forge,2025,2025-09-21T19:00:00Z,Atlético,Forge,0.0,0.0,0.0,55.0,55.0,True,home,Forge,55.0,55.0,1.0,True,away,Atlético,55.0,55.0,1.0,True
2025_2025-09-21_Vancouver_FC_vs_York_United,2025,2025-09-21T22:00:00Z,Vancouver FC,York,-0.0005999999999986017,-0.0005999999999986017,-0.0005999999999986017,55.0,55.0006,True,home,York,55.0,55.0,1.0,True,away,Vancouver FC,55.0006,55.0006,1.0,True
2025_2025-09-27_Atlético_Ottawa_vs_Cavalry,2025,2025-09-27T17:00:00Z,Atlético,Cavalry,0.0,0.0,0.0,55.0,55.0,True,home,Cavalry,55.0,55.0,1.0,True,away,Atlético,55.0,55.0,1.0,True
2025_2025-09-27_Forge_vs_Pacific,2025,2025-09-27T20:00:00Z,Forge,Pacific,916.1861000000008,916.1861000000008,916.1861000000008,17077.1617,16160.9756,True,home,Pacific,17077.1617,17077.1617,1.0,True,away,Forge,16160.9756,16160.9756,1.0,True
2025_2025-09-28_York_United_vs_Valour,2025,2025-09-28T19:00:00Z,York,Valour,0.0011999999999972033,0.0011999999999972033,0.0011999999999972033,55.0006,54.9994,True,home,Valour,55.0006,55.0006,1.0,True,away,York,54.9994,54.9994,1.0,True
2025_2025-09-28_Vancouver_FC_vs_HFX_Wanderers,2025,2025-09-28T22:00:00Z,Vancouver FC,Wanderers,0.0,0.0,0.0,55.0,55.0,True,home,Wanderers,55.0,55.0,1.0,True,away,Vancouver FC,55.0,55.0,1.0,True
2025_2025-10-04_HFX_Wanderers_vs_York_United,2025,2025-10-04T18:00:00Z,Wanderers,York,-0.0005999999999986017,-0.0005999999999986017,-0.0005999999999986017,55.0,55.0006,True,home,York,55.0,55.0,1.0,True,away,Wanderers,55.0006,55.0006,1.0,True
2025_2025-10-04_Forge_vs_Vancouver_FC,2025,2025-10-04T20:30:00Z,Forge,Vancouver FC,0.0,0.0,0.0,55.0,55.0,True,home,Vancouver FC,55.0,55.0,1.0,True,away,Forge,55.0,55.0,1.0,True
2025_2025-10-05_Valour_vs_Atlético_Ottawa,2025,2025-10-05T19:00:00Z,Valour,Atlético,-0.0005999999999986017,-0.0005999999999986017,-0.0005999999999986017,54.9994,55.0,True,home,Atlético,54.9994,54.9994,1.0,True,away,Valour,55.0,55.0,1.0,True
2025_2025-10-05_Pacific_vs_Cavalry,2025,2025-10-05T22:00:00Z,Pacific,Cavalry,-1034.8662000000004,-1034.8662000000004,-1034.8662000000004,16091.2382,17126.1044,True,home,Cavalry,16091.2382,16091.2382,1.0,True,away,Pacific,17126.1044,17126.1044,1.0,True
2025_2025-10-09_York_United_vs_Pacific,2025,2025-10-09T23:30:00Z,York,Pacific,0.0005999999999986017,0.0005999999999986017,0.0005999999999986017,55.0006,55.0,True,home,Pacific,55.0006,55.0006,1.0,True,away,York,55.0,55.0,1.0,True
2025_2025-10-11_Cavalry_vs_Forge,2025,2025-10-11T01:30:00Z,Cavalry,Forge,-34.6958999999988,-34.6958999999988,-34.6958999999988,17112.2032,17146.8991,True,home,Forge,17112.2032,17112.2032,1.0,True,away,Cavalry,17146.8991,17146.8991,1.0,True
2025_2025-10-11_Valour_vs_HFX_Wanderers,2025,2025-10-11T19:00:00Z,Valour,Wanderers,-0.0005999999999986017,-0.0005999999999986017,-0.0005999999999986017,54.9994,55.0,True,home,Wanderers,54.9994,54.9994,1.0,True,away,Valour,55.0,55.0,1.0,True
2025_2025-10-12_Atlético_Ottawa_vs_Vancouver_FC,2025,2025-10-12T19:00:00Z,Atlético,Vancouver FC,0.0,0.0,0.0,55.0,55.0,True,home,Vancouver FC,55.0,55.0,1.0,True,away,Atlético,55.0,55.0,1.0,True
2025_2025-10-18_Forge_vs_York_United,2025,2025-10-18T20:00:00Z,Forge,York,-0.0005999999999986017,-0.0005999999999986017,-0.0005999999999986017,55.0,55.0006,True,home,York,55.0,55.0,1.0,True,away,Forge,55.0006,55.0006,1.0,True
2025_2025-10-18_HFX_Wanderers_vs_Atlético_Ottawa,2025,2025-10-18T20:00:00Z,Wanderers,Atlético,0.0,0.0,0.0,55.0,55.0,True,home,Atlético,55.0,55.0,1.0,True,away,Wanderers,55.0,55.0,1.0,True
2025_2025-10-18_Pacific_vs_Valour,2025,2025-10-18T20:00:00Z,Pacific,Valour,35.833199999999124,35.833199999999124,35.833199999999124,16105.1394,16069.3062,True,home,Valour,16105.1394,16105.1394,1.0,True,away,Pacific,16069.3062,16069.3062,1.0,True
2025_2025-10-18_Vancouver_FC_vs_Cavalry,2025,2025-10-18T20:00:00Z,Vancouver FC,Cavalry,0.0,0.0,0.0,55.0,55.0,True,home,Cavalry,55.0,55.0,1.0,True,away,Vancouver FC,55.0,55.0,1.0,True
2025_2025-10-22_HFX_Wanderers_vs_York_United,2025,2025-10-22T22:30:00Z,Wanderers,York,-0.0005999999999986017,-0.0005999999999986017,-0.0005999999999986017,55.0,55.0006,True,home,York,55.0,55.0,1.0,True,away,Wanderers,55.0006,55.0006,1.0,True
2025_2025-10-26_Forge_vs_Atlético_Ottawa,2025,2025-10-26T18:00:00Z,Forge,Atlético,0.0,0.0,0.0,55.0,55.0,True,home,Atlético,55.0,55.0,1.0,True,away,Forge,55.0,55.0,1.0,True
2025_2025-10-26_Cavalry_vs_York_United,2025,2025-10-26T22:00:00Z,Cavalry,York,-0.0005999999999986017,-0.0005999999999986017,-0.0005999999999986017,55.0,55.0006,True,home,York,55.0,55.0,1.0,True,away,Cavalry,55.0006,55.0006,1.0,True
2025_2025-11-02_Forge_vs_Cavalry,2025,2025-11-02T21:00:00Z,Forge,Cavalry,64.18079999999827,64.18079999999827,64.18079999999827,17161.6416,17097.4608,True,home,Cavalry,17161.6416,17161.6416,1.0,True,away,Forge,17097.4608,17097.4608,1.0,True
2025_2025-11-09_Atlético_Ottawa_vs_Cavalry,2025,2025-11-09T22:20:00Z,Atlético,Cavalry,0.0,0.0,0.0,55.0,55.0,True,home,Cavalry,55.0,55.0,1.0,True,away,Atlético,55.0,55.0,1.0,True
